Rayyan_ID,Title,Authors,Year,Journal,DOI,Full_Text_Decision,Recorded_Exclusion_Reasons,Abstract
666096258,9908-9915_gmJ,,,,,Included,,
666096260,Use of semaglutide after acute coronary syndrome: an exploratory retrospective study,"Biasin M, Stratinaki M, Cordioli N, Armani I, De Giovanni S, Aletras G, Betta D, Callegarin L, Ga...",,,10.2459/JCM.0000000000001837,Excluded,,
666096261,Real-World Weight Loss Observed With Semaglutide and Tirzepatide in Patients with Overweight or Obesity and Without Type 2 Diabetes (SHAPE),Carmen D. Ng and Victoria Divino and Julia Wang and Joshua C. Toliver and Marcio Buss,2025,Advances in Therapy,10.1007/s12325-025-03340-2,Included,,"Semaglutide 2.4 mg injection (Wegovy®), a glucagon-like peptide-1 (GLP-1) receptor agonist, was approved by the US Food and Drug Administration for weight management in June 2021. Tirzepatide, a glucose-dependent insulinotropic polypeptide and GLP-1 receptor agonist, was approved for type 2 diabetes mellitus (T2DM; Mounjaro®) in May 2022 and weight management (Zepbound®) in November 2023. Due to limited data on the long-term effectiveness of these medications, this study assessed real-world weight loss with semaglutide 2.4 mg or tirzepatide after 1 year in patients with overweight or obesity and without T2DM. This retrospective cohort study included adults with overweight or obesity and ≥ 1 pharmacy claim for semaglutide 2.4 mg or tirzepatide in the US Komodo Health database between June 4, 2021, and December 15, 2023. Patients had continuous enrollment for 1 year before (baseline period) and 1 year after (follow-up period) the index date (date of treatment initiation) and persistence on therapy (no gap of > 30 days’ supply) during follow-up. Patients with T2DM at baseline were excluded. Weight change from index to 1 year was descriptively assessed. Overall, 9916 patients were included (semaglutide 2.4 mg, n = 6794; tirzepatide, n = 3122). Baseline characteristics were descriptively similar for semaglutide 2.4 mg and tirzepatide: mean age was 47.8 and 49.5 years, 79.8% and 77.9% were female, and mean index weight was 104.5 and 104.9 kg, respectively. After 1 year of follow-up, the mean weight loss from baseline with semaglutide 2.4 mg and tirzepatide was − 14.6 and − 17.2 kg, respectively, with percent weight loss of − 14.1% and − 16.5%. Most (83.5%) patients treated with semaglutide 2.4 mg reached the maximum dose (2.4 mg), while 25.9% of patients treated with tirzepatide reached the maximum dose (15 mg). Findings suggest semaglutide 2.4 mg and tirzepatide are used in descriptively similar populations and both resulted in clinically meaningful weight loss after 1 year of treatment. Obesity, a condition of higher than normal body fat, is common among adults. Obesity contributes to many health problems and higher medical costs compared with adults with normal weight. This study examined the weight loss of patients treated with two drugs recently approved by the US Food and Drug Administration for weight management: semaglutide and tirzepatide. Both drugs affect weight by impacting the glucagon-like peptide-1 system. The US Komodo Health database, which provides patient medical history for over 140 million US patients, including medical and pharmacy claims, clinical observations, and laboratory results, was used to examine data for adults with overweight or obesity who had at least one pharmacy claim for semaglutide or tirzepatide. Weight change 1 year after the start of treatment was measured. This study found that patients treated with semaglutide and tirzepatide had generally similar characteristics, such as age, gender, and starting weight before treatment. After 1 year of treatment, the average weight loss with semaglutide was –14.6 kg, or 14.1% of body weight; the average weight loss with tirzepatide was –17.2 kg, or 16.5% of body weight. Findings from this study suggest that semaglutide and tirzepatide are used for patients with similar characteristics and both led to meaningful weight loss after 1 year of treatment. Given the study size and patient information from the database, the results likely reflect outcomes for real-world patients taking semaglutide or tirzepatide for obesity management."
666096262,"A Remotely Delivered, Semaglutide-Supported Specialist Weight Management Program: Preliminary Findings From a Retrospective Service Evaluation",Rebecca Richards and Gina M Wren and Peta Campion and Michael Whitman,2023,JMIR Formative Research,10.2196/53619,Included,,"<jats:sec>
                    <jats:title>Background</jats:title>
                    <jats:p>Digital weight management interventions have the potential to increase access to novel pharmacotherapy for people living with obesity. At present, there is limited real-world evidence on the effectiveness, feasibility, and acceptability of this type of intervention.</jats:p>
                  </jats:sec>
                  <jats:sec>
                    <jats:title>Objective</jats:title>
                    <jats:p>This retrospective service evaluation examines real-world data to evaluate the preliminary impact of Second Nature’s 24-month, remotely delivered, semaglutide-supported weight management intervention for adults living with obesity at 12 weeks.</jats:p>
                  </jats:sec>
                  <jats:sec>
                    <jats:title>Methods</jats:title>
                    <jats:p>Retrospective data were extracted in October 2023 for participants who started the intervention between June 8, 2023, and July 22, 2023. The primary outcomes were weight change (kg) and percentage of weight change at 12 weeks. The secondary outcomes were the proportion of participants who achieved ≥5% and ≥10% weight loss and the feasibility and acceptability of this type of intervention. Descriptive statistics were used to evaluate the baseline characteristics, retention, engagement, prevalence of side effects, and weight change. A paired 2-tailed t test was used to determine the significance of weight change. Content analysis was used to analyze the free-text questionnaire responses.</jats:p>
                  </jats:sec>
                  <jats:sec>
                    <jats:title>Results</jats:title>
                    <jats:p>A total of 113 participants with a mean baseline BMI of 38.4 kg/m2 (SD 7.3) were included in the analysis (n=102, 90.4% women, mean age 46.6, SD 11.1 years). Over 12 weeks, 23% (n=26) of participants withdrew from the intervention. A total of 70.8% (n=80) of participants provided weight data at 12 weeks. The average weight loss observed over this 12-week period was 6.5 (SD 4.4) kg (P&lt;.001) or 6.4% (SD 4.2%) of their starting weight (P&lt;.001). Of the 80 participants who recorded weight readings, 62.5% (n=50) achieved ≥5% weight loss, and 11.3% (n=9) achieved ≥10% weight loss. Engagement with the app-based program declined from a mean of 131 (SD 142.6) home screen views in week 0 to 35 (SD 57.1) in week 11. Common side effects reported over 12 weeks included feeling more tired than usual, constipation, and feeling sick. However, a significant proportion of participants reported no side effects. Most participants (n=106, 93.8%) did not experience any difficulties in medication administration. Qualitative data showed that most participants had a positive or neutral experience of the intervention, with some reporting perceived benefits as early as 4 weeks. Most participants did not feel that improvements in the intervention were needed; however, some participants faced issues with medication shipping or logistics.</jats:p>
                  </jats:sec>
                  <jats:sec>
                    <jats:title>Conclusions</jats:title>
                    <jats:p>This retrospective preliminary service evaluation suggests that a remotely delivered semaglutide-supported weight management intervention has the potential to be effective, feasible, and acceptable for self-paying consumer adults with obesity in the United Kingdom. Areas for further improvement were highlighted, including user engagement in an app-based program. A full-service evaluation at the end of the 24-month intervention with a larger sample size is required to support these early findings.</jats:p>
                  </jats:sec>"
666096263,Association of semaglutide with reduced incidence and relapse of cannabis use disorder in real-world populations: a retrospective cohort study,William Wang and Nora D. Volkow and Nathan A. Berger and Pamela B. Davis and David C. Kaelber and Rong Xu,2024,Molecular Psychiatry,10.1038/s41380-024-02498-5,Included,,"<jats:title>Abstract</jats:title>
                  <jats:p>Cannabis is the most frequently used illicit drug in the United States with more than 45 million users of whom one-third suffer from a cannabis use disorder (CUD). Despite its high prevalence, there are currently no FDA-approved medications for CUD. Patients treated with semaglutide, a glucagon-like peptide-1 receptor agonist (GLP-1RA) approved for treating type 2 diabetes (T2D) and for weight management have reported reduced desire to drink and smoke. Preclinical studies have shown that semaglutide decreased nicotine and alcohol consumption. Preclinical and preliminary clinical evidence of semaglutide’s potential beneficial effects on various substance use disorders led us to evaluate if it pertained to CUD. In this retrospective cohort study of electronic health records (EHRs) from the TriNetX Analytics Network, a global federated health research network of approximately 105.3 million patients from 61 large healthcare organizations in the US, we aimed to assess the associations of semaglutide with both incident and recurrent CUD diagnosis compared to non-GLP-1RA anti-obesity or anti-diabetes medications. Hazard ratio (HR) and 95% confidence intervals (CI) of incident and recurrent CUD were calculated for 12-month follow-up by comparing propensity-score matched patient cohorts. The study population included 85,223 patients with obesity who were prescribed semaglutide or non-GLP-1RA anti-obesity medications, with the findings replicated in 596,045 patients with T2D. In patients with obesity (mean age 51.3 years, 65.6% women), semaglutide compared with non-GLP-1RA anti-obesity medications was associated with lower risk for incident CUD in patients with no prior history CUD (HR: 0.56, 95% CI: 0.42–0.75), and recurrent CUD diagnosis in patients with a prior history CUD (HR: 0.62, 95% CI: 0.46–0.84). Consistent reductions were seen for patients stratified by gender, age group, race and in patients with and without T2D. Similar findings were replicated in the study population with T2D when comparing semaglutide with non-GLP-1RA anti-diabetes medications for incident CUD (HR: 0.40, 95% CI: 0.29–0.56) and recurrent CUD (HR: 0.66, 95% CI: 0.42–1.03). While these findings provide preliminary evidence of the potential benefit of semaglutide in CUD in real-world populations, further preclinical studies are warranted to understand the underlying mechanism and randomized clinical trials are needed to support its use clinically for CUD.</jats:p>"
666096267,Association of semaglutide with risk of suicidal ideation in a real-world cohort,William Wang and Nora D. Volkow and Nathan A. Berger and Pamela B. Davis and David C. Kaelber and Rong Xu,2024,Nature Medicine,10.1038/s41591-023-02672-2,Included,,
666096269,Associations of semaglutide with incidence and recurrence of alcohol use disorder in real-world population,William Wang and Nora D. Volkow and Nathan A. Berger and Pamela B. Davis and David C. Kaelber and Rong Xu,2024,Nature Communications,10.1038/s41467-024-48780-6,Included,,"<jats:title>Abstract</jats:title><jats:p>Alcohol use disorders are among the top causes of the global burden of disease, yet therapeutic interventions are limited. Reduced desire to drink in patients treated with semaglutide has raised interest regarding its potential therapeutic benefits for alcohol use disorders. In this retrospective cohort study of electronic health records of 83,825 patients with obesity, we show that semaglutide compared with other anti-obesity medications is associated with a 50%-56% lower risk for both the incidence and recurrence of alcohol use disorder for a 12-month follow-up period. Consistent reductions were seen for patients stratified by gender, age group, race and in patients with and without type 2 diabetes. Similar findings are replicated in the study population with 598,803 patients with type 2 diabetes. These findings provide evidence of the potential benefit of semaglutide in AUD in real-world populations and call for further randomized clinical trials.</jats:p>"
666096707,Cardiovascular Outcomes in Low-Risk Non-Diabetic Patients Treated with Semaglutide,George Komatsoulis and Alexey Shvets and Zachary Flamholz and Ripple Khera and Samantha Pindak and Nathaniel Tann and Jordan Wolinsky and Anthony Hudzik and Richard Stanford and Manesh Patel and Harry Phillips,2025,medRxiv,10.1101/2025.05.20.25327768,Included,,"<jats:title>Abstract</jats:title>
                <jats:p>Semaglutide use has been shown to reduce cardiovascular events in overweight/obese patients with diabetes and preexisting cardiovascular disease. However, data are limited on the benefit of semaglutide in populations without diabetes and with a low level of preexisting cardiovascular disease. Using claims data from Optum’s de-identified Market Clarity Data, we conducted an observational cohort study to evaluate mortality and cardiovascular outcomes associated with use of semaglutide in overweight/obese patients without diabetes or prior cardiovascular disease (myocardial infarction, stroke, or symptomatic peripheral arterial disease). A total of 38,234 patients who initiated semaglutide between April 2021 and March 2023 were propensity score matched 1:1 to control patients meeting study inclusion and exclusion criteria. Semaglutide patients were treated for a mean (SD) duration of 355 ± 261 days. Semaglutide patients and controls were followed for a mean (SD) duration of 20.2 ± 6.7 and 20.0 ± 6.5 months, respectively. In a time to first event analysis, a composite cardiovascular endpoint (all-cause mortality, nonfatal myocardial infarction or nonfatal ischemic stroke) occurred in 448 (1.2%) semaglutide patients and 645 (1.7%) control patients (HR = 0.73; 95% CI: [0.65, 0.82]; P&lt;0.001). Individual components of the composite endpoint were also significantly lower in the semaglutide group. These findings provide evidence of potential benefit of semaglutide for cardiovascular risk reduction in a population with minimal baseline cardiometabolic complications. Given the population health implications, clinical trials of semaglutide in low risk populations are indicated.</jats:p>"
666096710,Changes in weight and glycemic control following obesity treatment with semaglutide or tirzepatide by discontinuation status,Hamlet Gasoyan and W. Scott Butsch and Rebecca Schulte and Nicholas J. Casacchia and Phuc Le and Christopher B. Boyer and Marcio L. Griebeler and Bartolome Burguera and Michael B. Rothberg,2025,Obesity,10.1002/oby.24331,Included,,"<jats:title>Abstract</jats:title>
                  <jats:sec>
                    <jats:title>Objective</jats:title>
                    <jats:p>The objective of this study was to characterize changes in body weight and glycated hemoglobin (in those with prediabetes at baseline) through 12 months by obesity pharmacotherapy discontinuation status.</jats:p>
                  </jats:sec>
                  <jats:sec>
                    <jats:title>Methods</jats:title>
                    <jats:p>This retrospective cohort study used electronic health record data from a large health system in Ohio and Florida to identify adults with overweight or obesity without type 2 diabetes who initiated injectable semaglutide or tirzepatide between 2021 and 2023. Treatment discontinuation was defined by a &gt;90‐day gap between exhaustion of previous supply and next dispense or end of study follow‐up (December 2024) and was classified into early discontinuation (i.e., within 3 months of index date) and late discontinuation (i.e., within 3–12 months).</jats:p>
                  </jats:sec>
                  <jats:sec>
                    <jats:title>Results</jats:title>
                    <jats:p>
                      We identified 7881 patients; 6109 received semaglutide, and 1772 received tirzepatide. A total of 80.8% had low maintenance dosages. Mean (SD) percentage weight reduction at 1 year was 8.7% (9.6%); and it was 3.6% (8.1%) with early discontinuation, 6.8% (9.1%) with late discontinuation, and 11.9% (9.2%) with non‐discontinuation (
                      <jats:italic>p</jats:italic>
                       &lt; 0.001). The mean (SD) absolute reduction in percent glycated hemoglobin at 1 year was 0.1 (0.4) with early discontinuation, 0.2 (0.4) with late discontinuation, and 0.4 (0.4) with non‐discontinuation (
                      <jats:italic>p</jats:italic>
                       &lt; 0.001).
                    </jats:p>
                  </jats:sec>
                  <jats:sec>
                    <jats:title>Conclusions</jats:title>
                    <jats:p>The average weight reduction in this cohort was lower than that observed in the main phase 3 trials, likely because of higher rates of discontinuation and lower maintenance dosages.</jats:p>
                  </jats:sec>"
666096711,Comparison of Semaglutide and Lifestyle Counselling for Weight Loss Using Multi‐Site Electronic Health Records,William J. B. Powell and Diego R. Mazzotti and Stephen D. Herrmann and Ann M. Davis and Bettina Mittendorfer and Jared Bruce and Xing Song and Lemuel R. Waitman,2026,Clinical Obesity,10.1111/cob.70076,Included,,"<jats:title>ABSTRACT</jats:title>
                  <jats:p>
                    To evaluate the effectiveness of semaglutide compared with lifestyle counselling alone for weight loss in diabetic and non‐diabetic patients with obesity. This multi‐site, retrospective, observational study uses data from electronic health records which are part of the Greater Plains Collaborative (GPC) in a time‐to‐event analysis for comparative effectiveness. Participants were adults with obesity receiving semaglutide for a minimum of 16 weeks or lifestyle counselling with at least three sessions within the first 16 weeks. The primary outcome is incidence of 10% or greater reduction in weight from baseline. Of 3927 eligible participants, 615 were prescribed semaglutide and 3312 received lifestyle counselling. Following propensity score matching, each group (diabetic and non‐diabetic) consisted of 120 and 495 participants, respectively. Hazard ratios for 10% weight loss were significantly higher from semaglutide for non‐diabetic (1.63 [95% CI: 1.32, 2.01;
                    <jats:italic>p</jats:italic>
                     &lt; 0.001]) and diabetic (2.45 [95% CI: 1.47, 4.09;
                    <jats:italic>p</jats:italic>
                     &lt; 0.001]) populations. These data from our study suggest that semaglutide therapy compared with lifestyle counselling alone is more effective in achieving at least 10% weight loss. This information may be used to inform clinical practice guidelines and stimulate future research on the long‐term effectiveness of various weight loss options for individuals with obesity.
                  </jats:p>"
666096714,Comparing medication persistence with oral and subcutaneous semaglutide in a real-world setting,Matteo Conti and Lorenzo Pontiggia and Michela Vergani and Emanuele Muraca and Rosa Cannistraci and Silvia Perra and Guido Lattuada and Gianluca Perseghin and Stefano Ciardullo,2024,Acta Diabetologica,10.1007/s00592-024-02424-9,Excluded,,
666096814,"Semaglutide in patients with kidney failure and obesity undergoing dialysis and wishing to be transplanted: A prospective, observational, open‐label study",Lenka Vanek and Amelie Kurnikowski and Simon Krenn and Sebastian Mussnig and Manfred Hecking,2024,"Diabetes, Obesity and Metabolism",10.1111/dom.15967,Excluded,,"<jats:title>Abstract</jats:title>
                  <jats:sec>
                    <jats:title>Aims</jats:title>
                    <jats:p>Chronic kidney disease (CKD) and obesity are major global health challenges, eventually leading to kidney replacement therapy (KRT), but body mass index (BMI) thresholds hinder kidney transplantation. Glucagon‐like peptide‐1 receptor agonists induce weight loss, thereby offering attractive treatment options; however, their safety and efficacy have not been systematically investigated in patients undergoing dialysis.</jats:p>
                  </jats:sec>
                  <jats:sec>
                    <jats:title>Materials and Methods</jats:title>
                    <jats:p>
                      We conducted a prospective 12‐week, open‐label trial with 13 patients who had a BMI ≥ 30.00 kg/m
                      <jats:sup>2</jats:sup>
                      , were undergoing dialysis (12 haemodialysis and 1 peritoneal dialysis) and had not been listed for transplantation due to their weight. Semaglutide was administered once weekly subcutaneously, and the dose was increased from 0.25 mg to 0.5 mg and then to 1 mg. Study endpoints included change in body weight and BMI (primary – statistically evaluated by repeated measures analysis of variance [ANOVA]), side effects, adverse events, blood parameters and patient‐reported outcomes (secondary).
                    </jats:p>
                  </jats:sec>
                  <jats:sec>
                    <jats:title>Results</jats:title>
                    <jats:p>
                      At baseline, the mean age ± standard deviation of patients was 64.0 ± 6.4 years, the mean weight was 113.9 ± 16.6 kg, and the mean BMI was 37.3 ± 3.9 kg/m
                      <jats:sup>2</jats:sup>
                      . At week 12, average weight reduction under semaglutide treatment was 4.6 ± 2.4 kg and ranged from 2.0 to 9.7 kg (
                      <jats:italic>p</jats:italic>
                       &lt; 0.001 for weight and BMI reduction across the study period). One patient discontinued treatment due to nausea/vomiting, two patients died of unrelated causes and six patients reported side effects. Approximately 9 months after the treatment started, three patients were able to seriously reconsider being listed for transplantation.
                    </jats:p>
                  </jats:sec>
                  <jats:sec>
                    <jats:title>Conclusions</jats:title>
                    <jats:p>Semaglutide treatment resulted in significant reduction in weight and BMI in patients with obesity undergoing dialysis, while maintaining an acceptable side effect profile comparable to that of the non‐dialysis population.</jats:p>
                  </jats:sec>"
666096816,"Real‐world titration, persistence &amp; weight loss of semaglutide and tirzepatide in an academic obesity clinic",Jason M. Samuels and Fei Ye and Rebecca Irlmeier and Heidi Silver and Gitanjali Srivastava and Matthew Spann,2025,"Diabetes, Obesity and Metabolism",10.1111/dom.70004,Excluded,,"<jats:title>Abstract</jats:title>
                  <jats:sec>
                    <jats:title>Aims</jats:title>
                    <jats:p>Trials of the Glucagon‐like Peptide‐1 Receptor Agonists (GLP1RAs) found mean weight losses of 15%–21%, yet realworld dose titration and persistence remain suboptimal, limiting effectiveness. This study aims to determine real‐world titration, persistence and effectiveness of GLP1RAs in patients managed within a multidisciplinary obesity clinic.</jats:p>
                  </jats:sec>
                  <jats:sec>
                    <jats:title>Materials and Methods</jats:title>
                    <jats:p>This is a singlecentre, retrospective cohort study of patients seen in a multidisciplinary obesity clinic at an academic medical centre from January 2022 to December 2024. Consecutive patients aged 18–75 years enrolled in a ‘no cost to patient’ Medical Weight Loss Bundle program who received ≥1 prescription fill of semaglutide or tirzepatide. Of 2855 enrollees, 2306 (81%) received at least one GLP1RA prescription. The primary outcome was persistence with GLP1RA therapy (continuous prescription fills without a gap ≥84 days). Secondary measures included titration adherence and percentage change in body weight.</jats:p>
                  </jats:sec>
                  <jats:sec>
                    <jats:title>Results</jats:title>
                    <jats:p>Among 2306 patients (median age 46.0 years, Interquartile Ratio [IQR] 38.0–55.0; 85% female; 68% White, 28% Black, 4% Hispanic), with median persistence 10.7 months (IQR 5.4–16.3). Semaglutide was used by 1614 (70%), tirzepatide by 117 (5%), and both agents by 575 (25%). Of semaglutide users, 81% escalated to ≥1 mg and 23% to 2.4 mg; of tirzepatide users, 75% received ≥10 mg and 28% received 15 mg. Among patients persistent for ≥6 months, median weight loss was 9.4% (IQR 6.0%–13.4%); for those persistent for ≥12 months, median weight loss was 14.4% (IQR 9.5%–20.5%).</jats:p>
                  </jats:sec>
                  <jats:sec>
                    <jats:title>Conclusions</jats:title>
                    <jats:p>GLP1RA persistence and dosetitration adherence were moderate but weight loss approximated that seen in clinical trials, supporting real‐world effectiveness.</jats:p>
                  </jats:sec>"
666096817,"Survey among adult users of semaglutide for weight loss in Denmark: User characteristics, treatment expectations and experienced effects",Malene Svoldgaard Sørensen and Anton Pottegård and Nanna Elman Andersen and Reimar W. Thomsen and Carina Lundby,2025,"Diabetes, Obesity and Metabolism",10.1111/dom.16222,Excluded,,"<jats:title>Abstract</jats:title>
                  <jats:sec>
                    <jats:title>Aims</jats:title>
                    <jats:p>Since the launch of semaglutide for weight loss (Wegovy®, SEMA‐WL) in late 2022, there has been a huge increase in new users of SEMA‐WL. We explored characteristics, treatment expectations and experienced effectiveness and side effects among Danish adults using SEMA‐WL.</jats:p>
                  </jats:sec>
                  <jats:sec>
                    <jats:title>Materials and Methods</jats:title>
                    <jats:p>A questionnaire‐based survey was conducted from September to December 2023 across 29 Danish community pharmacies. During a 10‐day period, pharmacies invited consecutive individuals aged ≥18 years redeeming a prescription on SEMA‐WL to complete an electronic questionnaire.</jats:p>
                  </jats:sec>
                  <jats:sec>
                    <jats:title>Results</jats:title>
                    <jats:p>
                      A total of 1013 individuals were invited to study participation of which 55% (
                      <jats:italic>n</jats:italic>
                       = 559) accepted. Users of SEMA‐WL were primarily female (78%,
                      <jats:italic>n</jats:italic>
                       = 434) and middle‐aged adults (36–65 years; 76%,
                      <jats:italic>n</jats:italic>
                       = 423), with a median body mass index of 36 (interquartile range [IQR] 32–40) at treatment initiation. Two in three users had personally asked their general practitioner to initiate treatment (70%,
                      <jats:italic>n</jats:italic>
                       = 393). Four in ten users had not discussed expected treatment duration with their general practitioner (42%,
                      <jats:italic>n</jats:italic>
                       = 237), almost half (46%,
                      <jats:italic>n</jats:italic>
                       = 258) expected treatment for a limited time period, while only 11% (
                      <jats:italic>n</jats:italic>
                       = 64) expected lifelong treatment. Self‐reported median weight loss was 5.3% (IQR 3.2–8.5) for users treated for &lt;3 months, 10% (IQR 8.2–14) for 3–5 months of treatment and 17% (IQR 13–21) for those treated for &gt;5 months. More than half of users (59%,
                      <jats:italic>n</jats:italic>
                       = 330) had experienced side effects, most commonly nausea (35%,
                      <jats:italic>n</jats:italic>
                       = 193) and constipation (29%,
                      <jats:italic>n</jats:italic>
                       = 160).
                    </jats:p>
                  </jats:sec>
                  <jats:sec>
                    <jats:title>Conclusions</jats:title>
                    <jats:p>This study provides valuable insights into the characteristics, treatment expectations and effects experienced by Danish adult users of SEMA‐WL.</jats:p>
                  </jats:sec>"
666096818,"Treat to target in weight management with semaglutide: Real‐world evidence from an
                    <scp>eHealth</scp>
                    clinic",Søren Seier and Kine Stamp‐Larsen and Simon Birk Kjær Jensen and Signe Sørensen Torekov and Henrik Gudbergsen,2025,"Diabetes, Obesity and Metabolism",10.1111/dom.70096,Included,,"<jats:title>Abstract</jats:title>
                  <jats:sec>
                    <jats:title>Aims</jats:title>
                    <jats:p>To evaluate the effectiveness of an online multidisciplinary weight loss service combining individualised semaglutide dosing with intensive behavioural therapy (IBT) in adults living with overweight or obesity.</jats:p>
                  </jats:sec>
                  <jats:sec>
                    <jats:title>Materials and methods</jats:title>
                    <jats:p>This retrospective cohort study included data from Danish participants enrolled in a digital weight loss programme via the Embla app between January 2022 and September 2024. The programme offered semaglutide with personalised dosing alongside evidence‐based recommendations on nutrition, exercise and habits, delivered through IBT. All data collection and monitoring was conducted via the Embla app. The primary outcome was percentage change in body weight at week 64. Secondary outcomes included semaglutide dose, proportions achieving ≥5%, ≥10%, ≥15%, or ≥20% weight loss, and weight change by baseline BMI and dose.</jats:p>
                  </jats:sec>
                  <jats:sec>
                    <jats:title>Results</jats:title>
                    <jats:p>The study included 2694 participants (78% women, mean age 46.8 ± 10.8 years, mean BMI 34.3 ± 4.8). At weeks 26, 52, and 64, the number of participants that remained in the study was: 1580, 712, and 465. Mean weight loss at week 64 was 16.7% (95% CI: −17.4 to −16.0) with a mean semaglutide dose of 1.08 mg/week (SD 0.54). A total of 98% achieved ≥5% and 82% achieved ≥10% weight loss. Weight change was consistent across BMI classes and medication doses.</jats:p>
                  </jats:sec>
                  <jats:sec>
                    <jats:title>Conclusions</jats:title>
                    <jats:p>Participants achieved clinically meaningful weight loss comparable to that seen in randomised trials, despite using lower semaglutide doses. These findings support the effectiveness of a personalised, treat‐to‐target approach integrating medical and behavioural obesity management in a digital setting.</jats:p>
                  </jats:sec>
                  <jats:sec>
                    <jats:title>Trial registration</jats:title>
                    <jats:p>
                      <jats:ext-link xmlns:xlink=""http://www.w3.org/1999/xlink"" xlink:href=""https://osf.io/86kmc/"">https://osf.io/86kmc/</jats:ext-link>
                    </jats:p>
                  </jats:sec>"
666096820,Efficacy and Safety of GLP-1 Agonists on Metabolic Parameters in Non-diabetic Patients with Inflammatory Bowel Disease,Joëlle St-Pierre and Jeremy Klein and Natalie K. Choi and Evan Fear and Silvana Pannain and David T. Rubin,2024,Digestive Diseases and Sciences,10.1007/s10620-024-08720-2,Included,,
666096821,"Cardiovascular and kidney outcomes of
                    <scp>GLP</scp>
                    ‐1 receptor agonists in adults with obesity: A target trial emulation study",Huilin Tang and Yiwen Lu and Bingyu Zhang and Ting Zhou and Dazheng Zhang and Jiajie Chen and Yong Chen and David A. Asch and Yong Chen,2025,"Diabetes, Obesity and Metabolism",10.1111/dom.70054,Excluded,,"<jats:title>Abstract</jats:title>
                  <jats:sec>
                    <jats:title>Aims</jats:title>
                    <jats:p>
                      Glucagon‐like peptide‐1 receptor agonists (
                      <jats:styled-content style=""fixed-case"">GLP</jats:styled-content>
                      ‐
                      <jats:styled-content style=""fixed-case"">1RAs</jats:styled-content>
                      ) provide cardiovascular and renal benefits in type 2 diabetes, but their real‐world effects in individuals with obesity without diabetes are unclear. This study aimed to evaluate the cardiovascular and kidney outcomes of
                      <jats:styled-content style=""fixed-case"">GLP</jats:styled-content>
                      ‐
                      <jats:styled-content style=""fixed-case"">1RAs</jats:styled-content>
                      versus other anti‐obesity medications (
                      <jats:styled-content style=""fixed-case"">AOMs</jats:styled-content>
                      ) in adults with obesity.
                    </jats:p>
                  </jats:sec>
                  <jats:sec>
                    <jats:title>Materials and Methods</jats:title>
                    <jats:p>
                      This target trial emulation used
                      <jats:styled-content style=""fixed-case"">TriNetX</jats:styled-content>
                      electronic health records (July 2021–May 2025) to identify adults with obesity and no diabetes history who initiated
                      <jats:styled-content style=""fixed-case"">GLP</jats:styled-content>
                      ‐
                      <jats:styled-content style=""fixed-case"">1RAs</jats:styled-content>
                      (liraglutide, semaglutide, or tirzepatide) or other
                      <jats:styled-content style=""fixed-case"">AOMs</jats:styled-content>
                      . Outcomes included major adverse cardiovascular events (
                      <jats:styled-content style=""fixed-case"">MACE</jats:styled-content>
                      ), major adverse kidney events (
                      <jats:styled-content style=""fixed-case"">MAKE</jats:styled-content>
                      ), all‐cause mortality, mental health conditions, and safety outcomes. Propensity score matching (1:1) balanced baseline characteristics; Cox models estimated hazard ratios (
                      <jats:styled-content style=""fixed-case"">HRs</jats:styled-content>
                      ) with 95% confidence intervals (
                      <jats:styled-content style=""fixed-case"">CIs</jats:styled-content>
                      ).
                    </jats:p>
                  </jats:sec>
                  <jats:sec>
                    <jats:title>Results</jats:title>
                    <jats:p>
                      The study included 140 169 matched pairs of
                      <jats:styled-content style=""fixed-case"">GLP</jats:styled-content>
                      ‐
                      <jats:styled-content style=""fixed-case"">1RA</jats:styled-content>
                      and
                      <jats:styled-content style=""fixed-case"">AOM</jats:styled-content>
                      initiators. Mean follow‐up was 392 days for
                      <jats:styled-content style=""fixed-case"">GLP</jats:styled-content>
                      ‐
                      <jats:styled-content style=""fixed-case"">1RA</jats:styled-content>
                      users and 564 days for
                      <jats:styled-content style=""fixed-case"">AOM</jats:styled-content>
                      users. Compared to
                      <jats:styled-content style=""fixed-case"">AOMs</jats:styled-content>
                      ,
                      <jats:styled-content style=""fixed-case"">GLP</jats:styled-content>
                      ‐
                      <jats:styled-content style=""fixed-case"">1RA</jats:styled-content>
                      use was associated with lower risks of
                      <jats:styled-content style=""fixed-case"">MACE</jats:styled-content>
                      (
                      <jats:styled-content style=""fixed-case"">HR</jats:styled-content>
                      , 0.76; 95%
                      <jats:styled-content style=""fixed-case"">CI</jats:styled-content>
                      , 0.72–0.81),
                      <jats:styled-content style=""fixed-case"">MAKE</jats:styled-content>
                      (
                      <jats:styled-content style=""fixed-case"">HR</jats:styled-content>
                      , 0.64; 95%
                      <jats:styled-content style=""fixed-case"">CI</jats:styled-content>
                      , 0.55–0.74), and all‐cause mortality (
                      <jats:styled-content style=""fixed-case"">HR</jats:styled-content>
                      , 0.49; 95%
                      <jats:styled-content style=""fixed-case"">CI</jats:styled-content>
                      , 0.42–0.57). Mental health outcomes also improved, with reduced risks of depression (
                      <jats:styled-content style=""fixed-case"">HR</jats:styled-content>
                      , 0.63), suicidal ideation/attempt (
                      <jats:styled-content style=""fixed-case"">HR</jats:styled-content>
                      , 0.42), and substance use disorder (
                      <jats:styled-content style=""fixed-case"">HR</jats:styled-content>
                      , 0.58).
                      <jats:styled-content style=""fixed-case"">GLP</jats:styled-content>
                      ‐
                      <jats:styled-content style=""fixed-case"">1RAs</jats:styled-content>
                      were not associated with increased risks of acute pancreatitis (
                      <jats:styled-content style=""fixed-case"">HR</jats:styled-content>
                      , 1.17), hypoglycemia (
                      <jats:styled-content style=""fixed-case"">HR</jats:styled-content>
                      , 1.08), or gastrointestinal symptoms (
                      <jats:styled-content style=""fixed-case"">HR</jats:styled-content>
                      , 0.99).
                    </jats:p>
                  </jats:sec>
                  <jats:sec>
                    <jats:title>Conclusions</jats:title>
                    <jats:p>
                      Among adults with obesity but without diabetes,
                      <jats:styled-content style=""fixed-case"">GLP</jats:styled-content>
                      ‐
                      <jats:styled-content style=""fixed-case"">1RA</jats:styled-content>
                      use was associated with reduced cardiovascular, kidney, mortality, and mental health risks compared to other
                      <jats:styled-content style=""fixed-case"">AOMs</jats:styled-content>
                      .
                    </jats:p>
                  </jats:sec>"
666096826,Efficacy and safety of semaglutide: real-world tertiary care experience from Saudi Arabia,Muhammad Imran Butt and Khalid Mania Alkhalifah and Muhammad Riazuddin and Saud Mohammed Almuammar and Salman Mohammed Almuammar and Ghayda Abdulkader Alhifthi and Fahad Wali Ahmed and Samia Mohamed Al Hashim and Najeeb Waheed,2024,Annals of Saudi Medicine,10.5144/0256-4947.2024.361,Excluded,,"<jats:sec>
            <jats:title>BACKGROUND:</jats:title>
            <jats:p>Semaglutide, a glucagon-like peptide-1, is an effective antidiabetic drug promoting weight loss and providing cardiovascular protection. The original trials did not include participants from Saudi Arabia; hence, the study's findings are expected to be useful.</jats:p>
          </jats:sec>
          <jats:sec>
            <jats:title>OBJECTIVES:</jats:title>
            <jats:p>Explore the efficacy, safety, and favorable effects of once-weekly subcutaneous semaglutide (1 mg) in patients with type 2 diabetes and those who received it as an off-license prescription without having diabetes.</jats:p>
          </jats:sec>
          <jats:sec>
            <jats:title>DESIGN:</jats:title>
            <jats:p>Retrospective review of medical records.</jats:p>
          </jats:sec>
          <jats:sec>
            <jats:title>SETTING:</jats:title>
            <jats:p>Department of medicine at our institution.</jats:p>
          </jats:sec>
          <jats:sec>
            <jats:title>PATIENTS AND METHODS:</jats:title>
            <jats:p>This retrospective observational study evaluated patients receiving the glucagon-like peptide-1 analog semaglutide, with the trade name Ozempic. The weight, height, body mass index, blood pressure, and laboratory data, including serum creatinine and hemoglobin A1c (HbA1c) levels and urine albumin/creatinine ratio, were recorded. Moreover, any history of medical comorbidities, such as cardiovascular diseases, cerebrovascular diseases, and heart failure, was documented before and after drug administration.</jats:p>
          </jats:sec>
          <jats:sec>
            <jats:title>MAIN OUTCOME MEASURES:</jats:title>
            <jats:p>Glycemic and weight loss efficacy</jats:p>
          </jats:sec>
          <jats:sec>
            <jats:title>SAMPLE SIZE:</jats:title>
            <jats:p>1007 patients</jats:p>
          </jats:sec>
          <jats:sec>
            <jats:title>RESULTS:</jats:title>
            <jats:p>The median age of the patients was 57.0 years, comprising 60.28% females. Among them, 955 and 442 patients received the medication for at least 3 and 6 months, respectively. Our results show a 4.4% weight loss and 0.4% improvement in HBA1c in patients with diabetes. Similar results were observed in the patients without diabetes in terms of weight along with a significant decrease in diastolic blood pressure. Our results also show stability in the serum creatinine and urine albumin creatinine ratio. The drug was equally effective in males and females.</jats:p>
          </jats:sec>
          <jats:sec>
            <jats:title>CONCLUSION:</jats:title>
            <jats:p>Treatment with once-weekly subcutaneous semaglutide (1 mg) led to clinically significant weight loss and improved HbA1c level and cardiometabolic risk factors such as blood pressure.</jats:p>
          </jats:sec>
          <jats:sec>
            <jats:title>LIMITATIONS:</jats:title>
            <jats:p>Retrospective design.</jats:p>
          </jats:sec>"
666096827,Glucagon-like peptide-1 receptor agonists as a disease-modifying therapy for knee osteoarthritis mediated by weight loss: findings from the Shanghai Osteoarthritis Cohort,Hongyi Zhu and Lenian Zhou and Qiuke Wang and Qianying Cai and Fan Yang and Hanqiang Jin and Yiwei Chen and Yanyan Song and Changqing Zhang,2023,Annals of the Rheumatic Diseases,10.1136/ard-2023-223845,Excluded,,"OBJECTIVE: Obesity is a risk factor for knee osteoarthritis (KOA) development and progression. Glucagon-like peptide-1 receptor agonists (GLP-1RAs) are indicated for type 2 diabetes mellitus (T2DM) and obesity. However, whether KOA patients can benefit from GLP-1RA therapies has not been sufficiently investigated, especially in the long term. METHODS: The Shanghai Osteoarthritis Cohort study is a prospective, observational, multicentre study of >40 000 adults with clinically diagnosed osteoarthritis aged >45 years in Shanghai. We identified all KOA participants with comorbid T2DM enrolled from 1 January 2011 to 1 January 2017. Primary outcome was incidence of knee surgery after enrolment. Secondary outcomes included pain-relieving medication use, number of intra-articular therapies, Western Ontario and McMaster Universities Osteoarthritis Index (WOMAC) and medial femorotibial joint cartilage thickness. To evaluate the effects of GLP-1RA, we performed before-and-after comparison and comparison with participants who had no GLP-1RA exposure. RESULTS: For an intergroup comparison (non-GLP-1RA vs GLP-1RA), more weight loss (adjusted mean difference in weight change from baseline -7.29 kg (95% CI -8.07 to -6.50 kg), p<0.001) and lower incidence of knee surgery (93/1574 (5.9%) vs 4/233 (1.7%), adjusted p=0.014) were observed in the GLP-1RA group. Statistically significant differences in mean change from baseline for the WOMAC total and pain subscale scores were observed (adjusted mean difference in WOMAC total score -1.46 (95% CI -2.84 to -0.08), p=0.038; adjusted mean difference in WOMAC pain subscore -3.37 (95% CI -5.79 to -0.94), p=0.007). Cartilage-loss velocity of the medial femorotibial joint was significantly lower in the GLP-1RA group postadjustment for baseline characteristics (adjusted mean difference -0.02 mm (95% CI -0.03 to -0.002 mm), p=0.004). For the before-and-after comparison within the GLP-1RA group, we observed a significant decrease of symptom-relieving medication consumption and cartilage loss velocity of medial femorotibial joint (after-treatment vs before-treatment: -0.03±0.05 vs -0.05±0.07 mm/year, p<0.001). The association between GLP-1RA exposure and decreased incidence of knee surgery was mediated by weight reduction (mediation proportion: 32.1%), instead of glycaemic control (too small to calculate). CONCLUSION: With sufficient treatment duration, GLP-1RA therapies might be disease-modifying for KOA patients with comorbid T2DM, possibly mediated by weight loss. Further investigation is needed to elucidate effects of GLP-1RA on disease process, joint structure and patient-reported outcomes of osteoarthritis."
666096828,Exploring Glucagon‐Like Peptide‐1 Receptor Agonists Usage Among Non‐Diabetic Healthcare Providers: A Cross‐Sectional Multi‐Country Study,Abdulqadir J. Nashwan and Hana J. Abukhadijah and Vidusha Karavadi and Ibrahim Aqtam and Anas Ibraheem and Prakash Palanivelu and Mahmoud A. Khedr and Abdulkarim O. Agga and Obaid Ur Rehman and Eeshal Fatima and Mohammad A. Abu Asal and Rana Abutaima and Marwa M. Shaban and Mostafa Shaban and Muna Barakat and Nasser M. Aldosari and Albara M. Alomari and Adham A. Aljariri and Nabeel F. Al‐Lobaney and Mutaz I. Othman and Ahmad A. Abujaber and Kholoud Bastaki,2025,Health Science Reports,10.1002/hsr2.70638,Excluded,,"<jats:title>ABSTRACT</jats:title><jats:sec><jats:title>Background and Aim</jats:title><jats:p>Glucagon‐like peptide‐1 receptor agonists (GLP‐1RAs) were initially developed for type 2 diabetes but have gained widespread use for weight management, including among non‐diabetic individuals. This study aimed to estimate the prevalence of GLP‐1RA use, describe usage patterns, and explore healthcare providers' (HCPs) perceptions of their efficacy and safety.</jats:p></jats:sec><jats:sec><jats:title>Methods</jats:title><jats:p>A cross‐sectional study was conducted among 657 HCPs from 10 countries using a structured online survey between September and December 2023. Convenience sampling was employed, statistical analyses were performed using STATA 17. Associations between demographic characteristics and perceptions of GLP‐1RAs were analyzed using the chi‐square test.</jats:p></jats:sec><jats:sec><jats:title>Results</jats:title><jats:p>Among 657 HCPs, 59.2% were female and 40.8% were male, with a median age of 36.0 years (IQR: 29.0–44.0) and a median BMI of 26.7 (IQR: 23.8–30.7). Among professional groups, nurses accounted for 44.7%, followed by physicians (36.2%) and allied health professionals (18.7%). Semaglutide (45.7%, 95% CI: 41.8%−49.5%) was the most commonly used GLP‐1RA, followed by Liraglutide (36.9%, 95% CI: 33.2%−40.8%). Other GLP‐1RAs were used less frequently, including Dulaglutide (17.0%, 95% CI: 14.2%−20.1%), Exenatide (14.1%, 95% CI: 11.5%−17.0%), Albiglutide (7.0%, 95% CI: 5.1%−9.2%), and Lixisenatide (8.5%, 95% CI: 6.5%−10.9%. Regarding perceived safety, 68.6% considered GLP‐1RAs safe. Safety perceptions were significantly associated with educational level (<jats:italic>p</jats:italic> = 0.022), with participants holding higher degrees being more likely to perceive GLP‐1RAs as unsafe (18.3%) compared to those with a bachelor's degree or lower (10.8%). No associations were found with age (<jats:italic>p</jats:italic> = 0.487), sex (<jats:italic>p</jats:italic> = 0.729), or BMI (<jats:italic>p</jats:italic> = 0.089). Similarly, 73.5% of participants considered GLP‐1RAs effective for perceived efficacy. No associations were found with sex (<jats:italic>p</jats:italic> = 0.663) or BMI (<jats:italic>p</jats:italic> = 0.446). Older participants (<jats:italic>p</jats:italic> = 0.011) and those with higher education (<jats:italic>p</jats:italic> = 0.006) were more likely to perceive GLP‐1RAs as ineffective.</jats:p></jats:sec><jats:sec><jats:title>Conclusion</jats:title><jats:p>This study provides the first prevalence estimate of GLP‐1RA use among HCPs and GLP1‐Ras users and explores the associations between demographic characteristics and perceptions of safety and efficacy. The findings highlight the self‐prescribing practices of these medications for weight management and underscore the need for appropriate monitoring to avoid potential health risks.</jats:p></jats:sec>"
666096829,Forecasting cardiovascular risk reduction with semaglutide in overweight and obese with heart disease: a nationwide cohort study,Mats C Højbjerg Lassen and Kristoffer Grundtvig Skaarup and Muthiah Vaduganathan and John W Ostrominski and Jens Ulrik Stæhr Jensen and Tor Biering-Sørensen and Niklas Dyrby Johansen,2024,European Journal of Preventive Cardiology,10.1093/eurjpc/zwae224,Included,,"The Semaglutide Effects on Heart Disease and Stroke in Patients with Overweight or Obesity (SELECT) trial,1 which enrolled 17 604 participants aged ≥45 years with overweight or obesity and established cardiovascular disease (CVD) and without diabetes, recently met its primary endpoint: once-weekly semaglutide (2.4 mg) resulted in a 20% relative risk reduction (RRR) in major adverse cardiovascular events (MACEs) defined as the first occurrence of cardiovascular (CV) death, non-fatal myocardial infarction (MI), or non-fatal stroke.2 Based on the results of SELECT, the U.S. Food and Drug Administration has since approved an expanded label indication for semaglutide (2.4 mg) to include CV risk reduction. However, the potential effect of semaglutide on population-level CV risk is unknown. Using the Danish nationwide health registries, we sought to quantify the size of the SELECT-eligible population and to forecast the effects of nationwide semaglutide implementation on the risk of MACE in this population."
666096832,gleason-et-al-2024-real-world-persistence-and-adherence-to-glucagon-like-peptide-1-receptor-agonists-among-obese_-fu,,,,,Included,,
666101589,Glucagon-like peptide-1 receptor agonist use prior to spinal surgery results in reduced postoperative length of stay: A propensity-score matched analysis,Samuel N. Goldman and Kyle Mani and Thomas Scharfenberger and Emily Kleinbart and Aaron T. Hui and Rafael De la Garza Ramos and Mitchell S. Fourman and Ananth S. Eleswarapu,2025,North American Spine Society Journal (NASSJ),10.1016/j.xnsj.2025.100612,Excluded,,"Background: While glucagon-like peptide-1 receptor agonists (GLP-1 RAs) have demonstrated benefits in reducing complications following total knee and hip arthroplasty, their effects in spinal surgery remain unclear. Prior studies have reported mixed results across select spinal fusion procedures, and the impact of GLP-1 RAs on perioperative outcomes has not been well-defined. This study evaluates the association between preoperative GLP-1 RA use and key perioperative outcomes in spinal surgery. Methods: We conducted a retrospective, propensity score-matched analysis of adult patients (≥18 years) undergoing spinal decompression and/or fusion at an urban academic spine service over the past 5 years. Patients prescribed a GLP-1 RA preoperatively comprised the exposure cohort. A 1:4 nearest-neighbor propensity score matching algorithm was then used to identify comparable controls without GLP-1 RA use, based on age, sex, body mass index (BMI), primary procedure code, comorbidities (diabetes, hypertension, hyperlipidemia, heart disease, smoking status, kidney disease, and anxiety), and the use of prevalent diabetic medications (insulin, metformin, sulfonylureas, and SGLT-2 inhibitors). Primary outcomes included length of stay (LOS), operating room (OPR) time, 90-day reoperation, 90-day readmission, and nonroutine discharge. Binary outcomes were assessed using multivariate logistic regression, while the Mann-Whitney U test was used for continuous variables. Results: = 172, 62.1%), with a mean age of 61.4 years and mean BMI of 33.8 kg/m². Both cohorts exhibited high rates of comorbidities, including diabetes and hypertension. GLP-1 RA use was associated with a significant reduction in median postoperative LOS (3 days vs. 4 days; p = 0.036), particularly among patients undergoing lumbar fusion. No significant differences were observed in OPR time, 90-day reoperation, 90-day readmission, or nonroutine discharge rates. Conclusions: Preoperative GLP-1 RA use was associated with a statistically significant reduction in postoperative LOS among patients undergoing spinal decompression and/or fusion. Further prospective, multi-institutional studies are warranted to validate these findings and to determine whether this reduction translates into clinically and financially meaningful benefits, including improved long-term outcomes."
666101590,Glucagon-Like Peptide-1 Receptor Agonists and Age-Related Macular Degeneration,Abhimanyu S. Ahuja and Alfredo A. Paredes and Benjamin K. Young,2025,JAMA Ophthalmology,10.1001/jamaophthalmol.2025.3821,Included,,"<jats:sec id=""ab-eoi250061-4"">
                    <jats:title>Importance</jats:title>
                    <jats:p>Glucagon-like peptide-1 receptor agonists (GLP-1RAs) are increasingly used for weight loss, but their ocular effects in nondiabetic individuals remain unclear. Prior studies suggest GLP-1RA use reduced age-related macular degeneration (AMD) risk in patients with diabetes, but applicability to nondiabetic populations is unknown.</jats:p>
                  </jats:sec>
                  <jats:sec id=""ab-eoi250061-5"">
                    <jats:title>Objective</jats:title>
                    <jats:p>To evaluate the risk of developing nonexudative AMD and its progression to exudative AMD among patients with obesity but not diabetes prescribed GLP-1RAs compared with those prescribed other weight-loss drugs (OWLDs).</jats:p>
                  </jats:sec>
                  <jats:sec id=""ab-eoi250061-6"">
                    <jats:title>Design, Setting, and Participants</jats:title>
                    <jats:p>This retrospective cohort study used electronic health record data obtained from the multicenter TriNetX Global Collaborative Network on patients aged 55 years or older diagnosed with overweight or obesity but not diabetes from January 2004 to July 2025. For the primary analysis, patients with preexisting nonexudative AMD were excluded. For the secondary analysis, patients with preexisting nonexudative AMD were included, while those with preexisting exudative AMD were excluded. Propensity score matching balanced baseline demographics and comorbidities. Data were analyzed on March 21, 2025, and August 2, 2025.</jats:p>
                  </jats:sec>
                  <jats:sec id=""ab-eoi250061-7"">
                    <jats:title>Exposures</jats:title>
                    <jats:p>Patients were prescribed either the GLP-1RAs liraglutide or semaglutide or OWLDs including lorcaserin, sibutramine, setmelanotide, fenfluramine, mazindol, orlistat, phentermine, and diethylpropion.</jats:p>
                  </jats:sec>
                  <jats:sec id=""ab-eoi250061-8"">
                    <jats:title>Main Outcomes and Measures</jats:title>
                    <jats:p>The primary outcome was development of nonexudative AMD at 5, 7, and 10 years. The secondary outcome was progression to exudative AMD at 10 years. Risk ratios (RRs) with 95% CIs were calculated. Standardized mean differences were used to assess covariate balance after matching.</jats:p>
                  </jats:sec>
                  <jats:sec id=""ab-eoi250061-9"">
                    <jats:title>Results</jats:title>
                    <jats:p>
                      A total of 91 408 patients were included. After propensity score matching for the primary analysis, 45 704 patients remained in each of the GLP-1RA and OWLD cohorts. The GLP-1RA cohort included 35 753 (78.2%) females and 7852 (17.2%) males with a mean (SD) age of 61.1 (5.76) years, while the OWLD cohort included 35 732 (78.2%) females and 7815 (17.1%) males with a mean [SD] age of 61.0 (5.86) years. Covariate balance was achieved across all variables for the GLP-1RA and OWLD cohorts in the primary analysis. GLP-1RA use was associated with reduced risk of nonexudative AMD compared with OWLDs at 5 years (RR, 0.16; 95% CI, 0.10-0.28;
                      <jats:italic toggle=""yes"">P</jats:italic>
                       &amp;amp;lt; .001), 7 years (RR, 0.13; 95% CI, 0.08-0.22;
                      <jats:italic toggle=""yes"">P</jats:italic>
                       &amp;amp;lt; .001), and 10 years (RR, 0.09; 95% CI, 0.05-0.16;
                      <jats:italic toggle=""yes"">P</jats:italic>
                       &amp;amp;lt; .001). No differences were observed in progression to exudative AMD.
                    </jats:p>
                  </jats:sec>
                  <jats:sec id=""ab-eoi250061-10"">
                    <jats:title>Conclusions and Relevance</jats:title>
                    <jats:p>In this cohort study, GLP-1RA use was associated with reduced risk of developing nonexudative AMD but was not associated with progression to exudative AMD among individuals with nonexudative AMD. These findings may inform future randomized trials evaluating the ocular effects of GLP-1RAs in nondiabetic populations.</jats:p>
                  </jats:sec>"
666101591,Impact of semaglutide on weight and functional outcomes among obese heart failure patients: a propensity scores matching analysis,Mahmoud Balata and Marc Ulrich Becher,2024,BMC Cardiovascular Disorders,10.1186/s12872-024-04275-2,Excluded,,"<jats:title>Abstract</jats:title><jats:sec>
                <jats:title>Background &amp; objectives</jats:title>
                <jats:p>Obesity is a common comorbidity in heart failure, yet effective pharmacological options for weight loss in these patients are limited. Semaglutide, a glucagon-like peptide 1 receptor agonist, has shown promise for weight reduction in obese adults. This study aims to evaluate semaglutide’s impact on weight loss, functional status, and clinical outcomes in obese patients with heart failure.</jats:p>
              </jats:sec><jats:sec>
                <jats:title>Methods</jats:title>
                <jats:p>A retrospective analysis was conducted on all consecutive obese (BMI &gt; 30 kg/m²) patients with heart failure at the University Hospital Bonn outpatient clinic from July 2019 to July 2022. Propensity score matching paired patients receiving semaglutide as an add-on therapy (SEMA) with those on medical therapy alone (Control).</jats:p>
              </jats:sec><jats:sec>
                <jats:title>Results</jats:title>
                <jats:p>Among 1,942 patients with heart failure screened, 26 matched pairs were identified. At one year, the SEMA group exhibited significant weight loss, with a mean BMI reduction of -2.91 kg/m² (95% CI: -4.27 to -1.55; <jats:italic>p</jats:italic> &lt; 0.001), while the control group showed a non-significant mean change of -0.41 kg/m² (95% CI: -1.08 to 0.26; <jats:italic>p</jats:italic> = 0.22). The difference in BMI between the two groups was statistically significant (mean difference: 3.42 kg/m², 95% CI: 1.43 to 5.42; <jats:italic>p</jats:italic> = 0.001). Improvements by at least one NYHA class were observed in 65% of the SEMA group (<jats:italic>p</jats:italic> &lt; 0.001) compared to 15% of the control group (<jats:italic>p</jats:italic> = 0.18). The SEMA group also showed a significant increase in 6-minute walk distance (6MWD), with a mean difference of 75 m between the groups at one year (95% CI: 0.53 to 150.02; <jats:italic>p</jats:italic> = 0.049). NT-proBNP levels significantly decreased in the SEMA group (<jats:italic>p</jats:italic> &lt; 0.001) compared to the control group (<jats:italic>p</jats:italic> = 0.78), with a statistically significant difference in NT-proBNP between the groups (<jats:italic>p</jats:italic> = 0.048). Both improvements in 6MWD and reductions in NT-proBNP were significantly correlated with BMI percentage reductions.</jats:p>
              </jats:sec><jats:sec>
                <jats:title>Conclusions</jats:title>
                <jats:p>Semaglutide was associated with significant weight reduction in obese patients with heart failure, accompanied by improved NYHA classification and 6-minute walk distance. Larger, multi-center trials and prospective, randomized controlled trials are warranted. These studies should focus on assessing long-term outcomes, optimizing dosage, and exploring the potential cardiovascular benefits beyond weight reduction.</jats:p>
              </jats:sec>"
666101594,Semaglutide 2.4 mg/wk for weight loss in patients with severe obesity and with or without a history of bariatric surgery,Jean‐Baptiste Bonnet and Sarah Tournayre and Jean Anitcheou and Marion Faivre and Catherine Boegner and Abdulkader Jalek and Dominique Jullien and Vincent Attalin and Justine Myzia and Lucile Marty and Youadigue Kemba and David Nocca and Ariane Sultan and Antoine Avignon,2023,Obesity,10.1002/oby.23922,Excluded,,"<jats:title>Abstract</jats:title><jats:sec><jats:title>Objective</jats:title><jats:p>This retrospective cohort study aimed to assess the effectiveness of semaglutide 2.4 mg in patients with severe obesity (BMI ≥ 40 kg/m<jats:sup>2</jats:sup>) who had previously undergone bariatric surgery (BS) but failed to achieve satisfactory weight loss or experienced weight regain compared with patients without a history of BS with similar BMI.</jats:p></jats:sec><jats:sec><jats:title>Methods</jats:title><jats:p>The authors analyzed data from 129 patients with a BMI ≥ 40 kg/m<jats:sup>2</jats:sup>, including 39 with (BS+) and 90 without (BS−) a history of BS. The patients received semaglutide treatment for 24 weeks starting at 0.25 mg/wk and gradually increasing to reach a final dose of 2.4 mg/wk. The treatment outcomes were assessed based on the percentage of weight loss, changes in BMI, and waist circumference.</jats:p></jats:sec><jats:sec><jats:title>Results</jats:title><jats:p>Semaglutide treatment resulted in significant 9.1% weight loss in the BS+ group, with no significant difference in weight loss between the BS+ and BS− groups.</jats:p></jats:sec><jats:sec><jats:title>Conclusions</jats:title><jats:p>This study is the first, to the authors’ knowledge, to compare the effectiveness of semaglutide treatment in patients with versus those without a history of BS, providing valuable evidence of its efficacy. By focusing on individuals with severe obesity (BMI &gt; 40 kg/m<jats:sup>2</jats:sup> and associated comorbidities), it fills a gap in the current literature and highlights the potential of semaglutide 2.4 mg as a treatment option for this specific population.</jats:p></jats:sec>"
666101595,"Impact of Treatment with GLP1 Receptor Agonists, Liraglutide 3.0 mg and Semaglutide 1.0 mg, While on a Waiting List for Bariatric Surgery",Miguel A. Rubio-Herrera and Sara Mera-Carreiro and Andrés Sánchez-Pernaute and Ana M. Ramos-Levi,2023,Biomedicines,10.3390/biomedicines11102785,Included,,"<jats:p>Background: Weight loss before undergoing metabolic and bariatric surgery (MBS) has been suggested to reduce perioperative complications, although with controversial results. The objective of this study is to evaluate the impact of treatment with GLP1-R agonists (liraglutide 3.0 mg and semaglutide 1.0 mg) on preoperative weight loss and patients’ decisions regarding MBS while on a surgical waiting list. Materials and methods: One hundred and two patients on a waiting list for MBS started treatment with GLP1-RA for at least 6 months. Changes in weight at 26 and 52 weeks, the number of patients achieving &gt;5% weight loss, and patients’ decisions regarding MBS were evaluated. Results: After 52 weeks, patients lost 16.9 ± 7.2% of weight with semaglutide 1.0 mg and 16.1 ± 5.8% of weight with liraglutide 3.0 mg. All patients lost ≥5% of initial weight, 84.7% lost ≥10%, 54.6% lost ≥15%, and 27.5% reached ≥20%. A total of 68.6% of participants were satisfied with the achieved weight loss and withdrew from the waiting list for MBS. A threshold of &gt;15.1% weight loss had the greatest sensitivity and specificity for the final decision regarding undergoing MBS. Conclusions: Losing &gt;15% of initial weight after 52 weeks of treatment with liraglutide 3.0 mg or semaglutide 1.0 mg during the waiting list for MBS impacts patients’ decisions regarding the final acceptance or rejection of the procedure.</jats:p>"
666102285,Titration and discontinuation of semaglutide for weight management in commercially insured US adults,Yunwen Xu and Juan J. Carrero and Alexander R. Chang and Lesley A. Inker and Donglan Zhang and Amrita Mukhopadhyay and Saul B. Blecker and Leora I. Horwitz and Morgan E. Grams and Jung‐Im Shin,2025,Obesity,10.1002/oby.24315,Excluded,,"<jats:title>Abstract</jats:title><jats:sec><jats:title>Objective</jats:title><jats:p>The objective of this study is to examine real‐world dose titration patterns of semaglutide for weight management (Wegovy, Novo Nordisk A/S) in US adults and identify characteristics associated with early discontinuation.</jats:p></jats:sec><jats:sec><jats:title>Methods</jats:title><jats:p>We identified 15,811 commercially insured adults who started semaglutide for weight management (administrated through single‐dose prefilled pens) between June 2021 and December 2023. We depicted dose‐titration patterns over 5 months and identified factors associated with discontinuation using multivariable Cox regression. Sensitivity analyses examined patterns after supply shortage resolution (after October 2023).</jats:p></jats:sec><jats:sec><jats:title>Results</jats:title><jats:p>Most semaglutide users deviated from the recommended monthly dose‐escalation schedule within the first 5 months. By the fifth month, nearly one‐half (46%) had discontinued the treatment, with similar rates (48%) among those initiating after supply stabilization. Discontinuation was strongly associated with copayment amount, with rates increased from 41% in the lowest quintile ($1–$54 per month) to 51% in the highest quintile ($161–$1460 per month). Higher discontinuation rates were also associated with lower household income and education level.</jats:p></jats:sec><jats:sec><jats:title>Conclusions</jats:title><jats:p>The deviations from the recommended dose‐escalation schedule and high discontinuation rate among real‐world semaglutide users indicate important challenges in the delivery of evidence‐based care. Policy interventions that reduce financial barriers to the persistence of semaglutide are needed.</jats:p></jats:sec>"
666102286,Semaglutide 2.4 mg clinical outcomes in patients with obesity or overweight in a real‐world setting: A 6‐month retrospective study in the United States (SCOPE),Aleksandrina Ruseva and Wojciech Michalak and Zhenxiang Zhao and Anthony Fabricatore and Bríain Ó. Hartaigh and Devika Umashanker,2024,Obesity Science &amp; Practice,10.1002/osp4.737,Excluded,,"<jats:title>Abstract</jats:title><jats:sec><jats:title>Background</jats:title><jats:p>Management guidelines for obesity suggest maintaining a minimum of 5% body weight reduction to help prevent or lower the risk of developing conditions such as hypertension and type 2 diabetes. However, achieving long‐term weight control is difficult with lifestyle modification alone, making it essential to combine pharmacotherapy with diet and exercise in individual cases. Semaglutide 2.4 mg has demonstrated significant reductions in body weight and cardiometabolic risk factors in clinical trials, but information on outcomes in a real‐world setting is limited.</jats:p></jats:sec><jats:sec><jats:title>Objective</jats:title><jats:p>To assess changes in body weight and other clinical outcomes at 6‐month follow‐up among adults on semaglutide 2.4 mg in a real‐world setting in the United States (US).</jats:p></jats:sec><jats:sec><jats:title>Methods</jats:title><jats:p>Observational and retrospective cohort study of patients initiating treatment between 15 June 2021, and 31 March 2022, using a large US claims‐linked electronic health record database.</jats:p></jats:sec><jats:sec><jats:title>Results</jats:title><jats:p>Mean (±SD) body mass index (BMI) of the 343 patients included in the analysis was 37.9 ± 5.5 kg/m<jats:sup>2</jats:sup>. After 6 months, mean body weight change was −10.5 ± 6.8 kg (95% CI: −11.2; −9.8, <jats:italic>p</jats:italic> &lt; 0.001) and mean percentage body weight change was −10.0% ± 6.6% (95% CI: −10.7; −9.3, <jats:italic>p</jats:italic> &lt; 0.001). Most (79.0%) patients had ≥5% body weight reduction, 48.1% had ≥10% body weight reduction, and 19.0% had ≥15% body weight reduction. Among patients with available data, the mean change in HbA1c (<jats:italic>n</jats:italic> = 30) was −0.6% ± 1.2% (95% CI: −1.0; −0.1, <jats:italic>p</jats:italic> = 0.016) and nearly two‐thirds of patients with prediabetes or diabetes at baseline reverted to normoglycemia. Mean reductions of −4.4 ± 12.3 mmHg (95% CI: −5.7; −3.0, <jats:italic>p</jats:italic> &lt; 0.001) and −1.7 ± 8.4 mmHg (95% CI: −2.6; −0.7, <jats:italic>p</jats:italic> &lt; 0.001) were observed in systolic and diastolic blood pressure, respectively (<jats:italic>n</jats:italic> = 307). Statistically significant reductions in mean total cholesterol (−12.2 ± 38.8 mg/dl [95% CI: −24.3 to −0.06, <jats:italic>p</jats:italic> &lt; 0.049]) and triglycerides (−18.3 ± 43.6 mg/dl [95% CI: −4.7; −31.9, <jats:italic>p</jats:italic> &lt; 0.009]) were also observed (<jats:italic>n</jats:italic> = 42).</jats:p></jats:sec><jats:sec><jats:title>Conclusions</jats:title><jats:p>This study demonstrated the effectiveness of semaglutide 2.4 mg in reducing body weight and improving cardiometabolic parameters in adults with overweight or obesity in a real‐world clinical practice setting, showing a significant mean body weight reduction and improvements in biomarkers like blood pressure and HbA1c over a 6‐month period. These findings, aligning with previous clinical trials at comparable time points, highlight the clinical relevance of semaglutide as an effective therapeutic option for obesity.</jats:p></jats:sec>"
666102287,Oral semaglutide for the treatment of obesity: a retrospective real-world study,Mitja Krajnc and Neža Kuhar and Andrijana Koceva,2025,Frontiers in Endocrinology,10.3389/fendo.2025.1593334,Excluded,,"<jats:sec>
                    <jats:title>Background</jats:title>
                    <jats:p>Clinical obesity is a prevalent chronic disease, significantly increasing morbidity and mortality while impairing quality of life. As diet and physical activity interventions often prove ineffective in the long term, with increasing use of pharmacotherapy, drug shortages and injection aversion present a challenge. The role of oral semaglutide at a dose of 14 mg (registered for type 2 diabetes) as a treatment for obesity in patients without diabetes remains undefined.</jats:p>
                  </jats:sec>
                  <jats:sec>
                    <jats:title>Methods</jats:title>
                    <jats:p>In the retrospective real-world study, which included 93 adults without diabetes (57% women, average age 52 years), we assessed whether treatment with 14 mg oral semaglutide over one year is associated with lower body weight, body mass index (BMI), waist circumference, blood pressure, heart rate, and obesity staging according to EOSS.</jats:p>
                  </jats:sec>
                  <jats:sec>
                    <jats:title>Results</jats:title>
                    <jats:p>Of the 93 subjects recruited, 82 (88%) were receiving oral semaglutide at a dose of 14 mg after one year. After one year of treatment body weight was significantly lower by 5.7% (5.9 kg) in completers, and BMI decreased significantly by an average of 2 kg/m². There was also a significant reduction in waist circumference by 5.5 cm and a decrease in EOSS score by 0.1. Clinically significant weight loss was achieved in 46% of all participants, with rare individuals experiencing a decrease of ≥ 15%. Adverse effects were mostly mild, with nausea reported by 23% and vomiting and diarrhoea by 12% of participants.</jats:p>
                  </jats:sec>
                  <jats:sec>
                    <jats:title>Conclusions</jats:title>
                    <jats:p>Obesity treatment with oral semaglutide at a dose of 14 mg showed marked interindividual variability, with approximately half achieving clinically significant reductions – mostly under 10%. Although less effective than injectable therapy, oral semaglutide at a dose of 14 mg had a favorable safety profile and may be suitable in selected clinical scenarios.</jats:p>
                  </jats:sec>"
666102290,One-Year Weight Reduction With Semaglutide or Liraglutide in Clinical Practice,Hamlet Gasoyan and Elizabeth R. Pfoh and Rebecca Schulte and Phuc Le and W. Scott Butsch and Michael B. Rothberg,2024,JAMA Network Open,10.1001/jamanetworkopen.2024.33326,Included,,"<jats:sec id=""ab-zoi241001-4"">
                    <jats:title>Importance</jats:title>
                    <jats:p>Limited data are available on long-term weight loss achieved with semaglutide or liraglutide for type 2 diabetes (T2D) or obesity in clinical practice.</jats:p>
                  </jats:sec>
                  <jats:sec id=""ab-zoi241001-5"">
                    <jats:title>Objective</jats:title>
                    <jats:p>To document weight loss achieved with injectable forms of semaglutide or liraglutide and identify factors associated with weight reduction of 10% or greater at 1 year.</jats:p>
                  </jats:sec>
                  <jats:sec id=""ab-zoi241001-6"">
                    <jats:title>Design, Setting, and Participants</jats:title>
                    <jats:p>This retrospective cohort study used electronic health records from a large, integrated health system in Ohio and Florida. Participants included adults with a body mass index (calculated as the weight in kilograms divided by the height in meters squared) of at least 30.0 who initiated treatment with semaglutide or liraglutide between July 1, 2015, and June 30, 2022. Follow-up was completed July 28, 2023.</jats:p>
                  </jats:sec>
                  <jats:sec id=""ab-zoi241001-7"">
                    <jats:title>Exposure</jats:title>
                    <jats:p>Injectable forms of semaglutide or liraglutide approved for T2D or obesity.</jats:p>
                  </jats:sec>
                  <jats:sec id=""ab-zoi241001-8"">
                    <jats:title>Main Outcomes and Measures</jats:title>
                    <jats:p>Percentage weight change and categorical weight reduction of 10% or greater at 1 year.</jats:p>
                  </jats:sec>
                  <jats:sec id=""ab-zoi241001-9"">
                    <jats:title>Results</jats:title>
                    <jats:p>
                      A total of 3389 patients (mean [SD] age, 50.4 [12.2] years; 1835 [54.7%] female) were identified. Of these, 1341 patients received semaglutide for T2D; 1444, liraglutide for T2D; 227, liraglutide for obesity; and 377, semaglutide for obesity. Mean (SD) percentage weight change at 1 year was −5.1% (7.8%) with semaglutide vs −2.2% (6.4%) with liraglutide (
                      <jats:italic>P</jats:italic>
                       &amp;amp;lt; .001); −3.2% (6.8%) for T2D as a treatment indication vs −5.9% (9.0%) for obesity (
                      <jats:italic>P</jats:italic>
                       &amp;amp;lt; .001); and −5.5% (7.5%) with persistent medication coverage (ie, a cumulative gap of less than 90 days) at 1 year vs −2.8% (7.0%) with 90 to 275 medication coverage days and −1.8% (6.7%) with fewer than 90 medication coverage days (
                      <jats:italic>P</jats:italic>
                       &amp;amp;lt; .001). In the multivariable model, semaglutide vs liraglutide (adjusted odds ratio [AOR], 2.19 [95% CI, 1.77-2.72]), obesity as a treatment indication vs T2D (AOR, 2.46 [95% CI, 1.83-3.30]), persistent medication coverage vs 90 medication coverage days (AOR, 3.36 [95% CI, 2.52-4.54]) or 90 to 275 medication coverage days within the first year (AOR, 1.50 [95% CI, 1.10-2.06]), high dosage of the medication vs low (AOR, 1.58 [95% CI, 1.11-2.25]), and female sex (AOR, 1.57 [95% CI, 1.27-1.94]) were associated with achieving a 10% or greater weight reduction at year 1.
                    </jats:p>
                  </jats:sec>
                  <jats:sec id=""ab-zoi241001-10"">
                    <jats:title>Conclusions and Relevance</jats:title>
                    <jats:p>In this retrospective cohort study of 3389 patients with obesity, weight reduction at 1 year was associated with the medication’s active agent, its dosage, treatment indication, persistent medication coverage, and patient sex. Future research should focus on identifying the reasons for discontinuation of medication use and interventions aimed at improving long-term persistent coverage.</jats:p>
                  </jats:sec>"
666102291,Prevalence and Factors Associated with GLP-1 Receptor Agonist Use for Weight Management Among Overweight and Obese Adults in the Eastern Province of Saudi Arabia,Khalid Alhussain and Zainab Alshakhs and Layla Albaqshi and Fawatim Alshaqaqiq and Mohammed Alrabiah and Rina Tripathi,2026,Healthcare,10.3390/healthcare14030345,Excluded,,"<jats:p>Objectives: This study aimed to assess the prevalence and patterns of GLP-1 receptor agonist (GLP-1 RA) use for weight loss and to identify factors associated with their use among overweight and obese adults in the Eastern Province of Saudi Arabia. Methods: A cross-sectional study was conducted among overweight and obese adults aged 18 years and older residing in the Eastern Province. Data were collected in December 2024 using an online, self-administered questionnaire. Descriptive statistics were used to assess the prevalence of GLP-1 RA use, while chi-square tests and logistic regression analyses were performed to examine associations between GLP-1 RA use and relevant independent variables. Results: A total of 1264 participants were included. The lifetime prevalence of GLP-1 RA use was 18.2%, with 14.2% reporting current use. Injectable semaglutide (Ozempic) was the most commonly used medication (73.9%). Most individuals reported initiating treatment based on a doctor’s recommendation (70.4%), although 36.5% began use based on personal decision. Multivariable logistic regression identified several factors significantly associated with GLP-1 RA use, including obesity status, diabetes, prior weight-loss attempts, having family members or friends who use GLP-1 RAs, and studying or working in a health-related field. Conclusions: GLP-1 RA use is substantial among overweight and obese adults in the Eastern Province. In addition to medical conditions, social influences and involvement in health-related fields appear to shape use. These findings emphasize the need for awareness initiatives promoting appropriate GLP-1 RA use and stricter adherence to prescription guidelines.</jats:p>"
666102292,"Psychiatric adverse events associated with semaglutide, liraglutide and tirzepatide: a pharmacovigilance analysis of individual case safety reports submitted to the EudraVigilance database",Mansour Tobaiqy and Hajer Elkout,2024,International Journal of Clinical Pharmacy,10.1007/s11096-023-01694-7,Excluded,,"<jats:title>Abstract</jats:title>
                  <jats:sec>
                    <jats:title>Background</jats:title>
                    <jats:p>Semaglutide, liraglutide and tirzepatide are glucagon-like peptide-1 (GLP-1) receptor agonists that are effective for weight reduction. Recent reports of patients experiencing suicidal thoughts and other psychiatric adverse events while using GLP-1 agonists have raised concerns about the potential risk of self-harm and led the European Medicines Agency to investigate these medications.</jats:p>
                  </jats:sec>
                  <jats:sec>
                    <jats:title>Aim</jats:title>
                    <jats:p>To identify and analyse the psychiatric adverse events associated with semaglutide, liraglutide and tirzepatide.</jats:p>
                  </jats:sec>
                  <jats:sec>
                    <jats:title>Method</jats:title>
                    <jats:p>All individual case safety reports for semaglutide, liraglutide, and tirzepatide reported to the EudraVigilance database from 01/01/2021 to 30/05/2023 were analysed. Descriptive statistics were used to explore study population characteristics.</jats:p>
                  </jats:sec>
                  <jats:sec>
                    <jats:title>Results</jats:title>
                    <jats:p>During the study period, 31,444 adverse event reports were identified: semaglutide (n = 13,956; 44.4%), liraglutide (n = 16,748; 53.2%), and tirzepatide (n = 740; 2.3%). There were 372 reports with psychiatric adverse event reports (n = 372; 1.18%) with a total of 481 adverse events. Women accounted for 65% (n = 242) of these reports. Depression was the most commonly reported adverse event (n = 187; 50.3%), followed by anxiety (n = 144; 38.7%) and suicidal ideation (n = 73; 19.6%). Nine deaths (8 with liraglutide and 1 with semaglutide) and 11 life-threatening outcomes (4 associated with liraglutide and 7 with semaglutide) were reported. The fatal outcomes occurred primarily among men (8 out of 9) resulting from completed suicidal attempts and depression.</jats:p>
                  </jats:sec>
                  <jats:sec>
                    <jats:title>Conclusion</jats:title>
                    <jats:p>Psychiatric adverse events comprised only 1.2% of the total reports for semaglutide, liraglutide, and tirzepatide. However, the severity and fatal outcomes of some of these reports warrant further investigation.</jats:p>
                  </jats:sec>"
666102295,Semaglutide and Tirzepatide in a Remote Weight Management Program: 12-Month Retrospective Observational Study,Rebecca Richards and William Lunt and Michael Whitman and Giulia Spaltro and Rachel Hall,2025,JMIR Formative Research,10.2196/81912,Included,,"<jats:sec>
                    <jats:title>Background</jats:title>
                    <jats:p>Obesity affects &gt;890 million adults worldwide, and traditional lifestyle interventions often lack long-term success. While glucagonlike peptide-1 receptor agonists (GLP-1RAs) have shown strong weight loss outcomes, access to specialist care is limited by cost and capacity.</jats:p>
                  </jats:sec>
                  <jats:sec>
                    <jats:title>Objective</jats:title>
                    <jats:p>This study evaluated the effectiveness, feasibility, acceptability, and potential cost-effectiveness of a 12-month remote GLP-1RA–supported weight management program, comparing outcomes between tirzepatide and semaglutide.</jats:p>
                  </jats:sec>
                  <jats:sec>
                    <jats:title>Methods</jats:title>
                    <jats:p>This retrospective analysis included 339 participants (n=278, 82% women) who completed a 12-month remote weight management program using either tirzepatide (n=209, 61.7%) or semaglutide (n=130, 38.3%) between February and June 2024. The program combined medication, app-based behavioral support, coaching from registered dietitians and nutritionists, and clinical oversight. It featured 5 phases with evidence-based behavior change techniques, monthly monitoring, and safety protocols. Primary outcomes were mean weight change and proportions achieving ≥10% and ≥15% weight loss. Secondary outcomes included behavior changes, side effects, acceptability, feasibility, and estimated cost-effectiveness compared to National Health Service care.</jats:p>
                  </jats:sec>
                  <jats:sec>
                    <jats:title>Results</jats:title>
                    <jats:p>Mean weight change at 12 months was −22.9 kg (–22.1% of baseline weight, SD 8%; P&lt;.001) in the tirzepatide cohort and −18.1 kg (–17.1% of baseline weight, SD 8.1%; P&lt;.001) in the semaglutide cohort. Achievement of ≥10% weight loss occurred in 95.2% (199/209) of participants using tirzepatide and 83.1% (108/130) of participants using semaglutide, whereas ≥15% weight loss was achieved by 83.7% (175/209) and 56.2% (73/130) of the participants, respectively. The proportion of inactive participants (no weekly exercise) decreased substantially in both cohorts (tirzepatide: 31/209, 14.8% to 14/209, 6.7%; semaglutide: 29/130, 22.3% to 7/130, 5.4%; P&lt;.001). Side effects decreased significantly over the 12-month period, with participants who reported no side effects increasing from 41.6% (87/209) to 60.3% (126/209; P&lt;.001) in the tirzepatide cohort and from 53.8% (70/130) to 67.7% (88/130) in the semaglutide cohort (P=.02), whereas common initial side effects, including constipation, nausea, and fatigue, showed significant reductions (P&lt;.001). Economic modeling suggested a 60% to 70% cost saving compared to specialist weight management services and a 10% to 60% cost saving compared to primary care in the National Health Service.</jats:p>
                  </jats:sec>
                  <jats:sec>
                    <jats:title>Conclusions</jats:title>
                    <jats:p>This real-world evaluation demonstrates that remotely delivered, GLP-1RA–supported weight management programs can achieve weight loss outcomes that align closely with clinical trial results while potentially reducing health care costs by 10% to 70% compared to traditional UK services. Both the tirzepatide and semaglutide cohorts exceeded clinically significant weight loss thresholds with acceptable safety profiles and positive behavior changes. These findings support the feasibility and effectiveness of digital delivery models for expanding access to specialist obesity treatment within resource-constrained health care systems, with outcomes that compare favorably to pharmacological intervention alone.</jats:p>
                  </jats:sec>"
666102296,Semaglutide 2.4 mg Clinical Outcomes in Patients with Obesity or Overweight: A Real-World Retrospective Comparative Cohort Study,Aleksandrina Ruseva and Wojciech Michalak and Anthony Fabricatore and Bríain Ó. Hartaigh and Zhenxiang Zhao and Devika Umashanker,2025,Advances in Therapy,10.1007/s12325-025-03320-6,Excluded,,"This study compared the effectiveness of semaglutide 2.4 mg vs. no treatment with obesity medication (OM) for reducing weight and improving cardiometabolic risk factors among adults with obesity or overweight. This real-world, retrospective, observational cohort study included adults with obesity or overweight with ≥ 1 obesity-related complication treated with semaglutide 2.4 mg identified in a large US claims and medical record database (December 15, 2020, through May 30, 2024). Patients were matched 1:4 to non-treated patients using a propensity score (PS) model. Change in weight and body mass index (BMI) (primary outcomes) and changes in cardiometabolic risk factors (secondary outcomes; systolic blood pressure [SBP], diastolic blood pressure [DBP], glycated hemoglobin [HbA1c], high-density lipoprotein cholesterol [HDL-C], low-density lipoprotein cholesterol [LDL-C], and triglycerides) were assessed from baseline to 12 months. PS matching and generalized linear models were used to compare outcomes. A total of 8,857 semaglutide 2.4 mg-treated patients were matched to 35,428 non-treated patients. After matching, baseline characteristics between cohorts were well balanced in mean age (47.6 vs. 47.8 years), mean BMI (36.7 kg/m2 in both cohorts), and gender (76% vs. 77% female). Weight data were available for 4,038 and 1,186 patients in the non-treated and semaglutide cohort, respectively. Estimated treatment differences between cohorts showed the semaglutide 2.4 mg cohort had significantly greater percentage (− 15.0%) and absolute reduction in weight (– 15.7 kg), greater reduction in BMI (– 4.2 kg/m2), and significantly greater improvements in cardiometabolic risk factors, including SBP (– 6.7 mmHg), DBP (– 2.7 mmHg), HbA1c (– 0.5%), HDL-C (1.2 mg/dl), LDL-C (– 10.4 mg/dl), and triglycerides (– 34.3 mg/dl) at 12 months. In this real-world study, adults with obesity or overweight treated with semaglutide 2.4 mg had greater reductions in weight and improvements in cardiometabolic risk factors compared with patients not treated with OM at 12 months. A Graphical Abstract is available for this article. Semaglutide is a medicine that can help people lose weight and improve other health conditions. In this study, researchers looked at whether adult patients taking semaglutide 2.4 mg (Wegovy®) for 1 year lost weight and improved other health measurements, including cholesterol, triglycerides, and glycated hemoglobin (HbA1c) levels. The study included 8,857 adults treated with semaglutide 2.4 mg and 35,428 adults not treated with obesity medication. The study used information about doctor visits and insurance claims from a large health care database. At the start of the study, all patients had obesity or overweight, and the average age was 48 years. Seventy-seven percent (77%) of participants were female, and 23% were male. The study found that among 5,224 patients with weight data available, those taking semaglutide 2.4 mg for 1 year had greater weight loss than patients not taking obesity medication. Compared with patients who did not take obesity medication, patients taking semaglutide 2.4 mg lost 15.7 kg (34.6 pounds) more on average. In addition, compared with patients not taking obesity medication, patients taking semaglutide 2.4 mg for 1 year had greater improvements in systolic and diastolic blood pressure. They also had lower triglycerides, lower low-density lipoprotein cholesterol, higher high-density lipoprotein cholesterol, and lower HbA1c levels."
666102297,Semaglutide 2.4 mg long-term clinical outcomes in patients with obesity or overweight: a real-world retrospective cohort study in the United States (SCOPE 12 months),Aleksandrina Ruseva and Firas Dabbous and Nina Ding and Anthony Fabricatore and Samuel Huse and Wojciech Michalak and Beth Nordstrom and Bríain Ó Hartaigh and Zhenxiang Zhao and Devika Umashanker,2025,Postgraduate Medicine,10.1080/00325481.2025.2482274,Excluded,,"Objectives To evaluate the effectiveness of semaglutide 2.4 mg for weight reduction and improvement in cardiometabolic biomarkers at 52 and 68 weeks in a real-world setting in the United States.Methods This noninterventional, retrospective cohort study used the Komodo Health database and included adults with obesity or overweight with ≥ 1 weight-related condition who initiated treatment with semaglutide 2.4 mg between June 2021 and August 2022 and remained on treatment for 1 year. A paired t-test was used to assess changes in weight, body mass index (BMI), and cardiometabolic biomarkers (systolic blood pressure [SBP], diastolic blood pressure [DBP], glycated hemoglobin [HbA1c], HDL [high-density lipoprotein] cholesterol, LDL [low-density lipoprotein] cholesterol, and triglycerides) from baseline to 52-week and 68-week follow-up.Results Among 4,424 eligible patients, 77% were women and the mean (SD) age was 46.7 (10.0) years and BMI was 36.6 (3.6) kg/m2. Dyslipidemia and hypertension were the most common obesity-related comorbidities at baseline. The mean (%) change in weight from baseline was –15.5 kg (–14.5%; p < 0.001; n = 594) at 52 weeks and –15.9 kg (–14.8%; p < 0.001; n = 391) at 68 weeks. The mean change in BMI from baseline was −4.8 kg/m2 (n = 1124) at 52 weeks and −4.9 kg/m2 (n = 700) at 68 weeks. At 52-weeks, statistically significant improvements in mean values were observed for SBP (–6.3 mmHg), DBP (–3.1 mmHg), HbA1c (–0.4%), LDL cholesterol (–8.1 mg/dL), and triglycerides (–38.4 mg/dL) (all p < 0.001). Mean change at 52 weeks for HDL cholesterol was 1.0 mg/dL; p = 0.109. Results at 68 weeks were similar.Conclusions In this retrospective cohort study, the real-world effectiveness of semaglutide 2.4 mg was demonstrated by reductions in weight and BMI along with improvements in BP, HbA1c, and lipid panel among patients with obesity or overweight."
666102301,Semaglutide and Tirzepatide in Patients With Heart Failure With Preserved Ejection Fraction,Nils Krüger and Sebastian Schneeweiss and Kenshiro Fuse and Sofiya Matseyko and Sushama Kattinakere Sreedhara and Georg Hahn and Heribert Schunkert and Shirley V. Wang,2025,JAMA,10.1001/jama.2025.14092,Excluded,,"<jats:sec>
                    <jats:title>Importance</jats:title>
                    <jats:p>Heart failure with preserved ejection fraction (HFpEF) is a major cause of hospitalization, often occurring in patients with cardiometabolic comorbidities such as obesity and type 2 diabetes. Although early trials of semaglutide and tirzepatide have shown promising results in improving symptoms, those findings were based on few clinical events, leaving treatment recommendations uncertain.</jats:p>
                  </jats:sec>
                  <jats:sec>
                    <jats:title>Objective</jats:title>
                    <jats:p>To evaluate the effectiveness and safety of semaglutide and tirzepatide in patients with cardiometabolic HFpEF in clinical practice.</jats:p>
                  </jats:sec>
                  <jats:sec>
                    <jats:title>Design, Setting, and Participants</jats:title>
                    <jats:p>Five cohort studies using national US health care claims data from 2018 to 2024. Two cohort studies emulated the STEP-HFpEF DM (semaglutide) and SUMMIT (tirzepatide) trials to benchmark results. Eligibility criteria were then expanded to evaluate treatment effects in patients typically treated in clinical practice. Finally, a head-to-head comparison of tirzepatide and semaglutide was implemented. Follow-up was up to 52 weeks.</jats:p>
                  </jats:sec>
                  <jats:sec>
                    <jats:title>Exposures</jats:title>
                    <jats:p>New use of semaglutide, tirzepatide, or sitagliptin as a placebo proxy.</jats:p>
                  </jats:sec>
                  <jats:sec>
                    <jats:title>Main Outcomes and Measures</jats:title>
                    <jats:p>The primary end point was a composite of hospitalization for heart failure or all-cause mortality. Negative control outcomes, secondary end points, subgroups, and sensitivity analyses were prespecified. Hazard ratios (HRs) and 95% confidence intervals (CIs) were estimated by fitting proportional hazards models with propensity score weighting to adjust for a comprehensive set of pretreatment patient characteristics.</jats:p>
                  </jats:sec>
                  <jats:sec>
                    <jats:title>Results</jats:title>
                    <jats:p>Benchmarking of the 2 trial emulations demonstrated high agreement on all prespecified metrics. In analyses using expanded eligibility criteria, 58 333 patients were included in the semaglutide vs sitagliptin cohort, 11 257 for tirzepatide vs sitagliptin, and 28 100 for tirzepatide vs semaglutide. Initiators of semaglutide (HR, 0.58 [95% CI, 0.51-0.65]) and tirzepatide (HR, 0.42 [95% CI, 0.31-0.57]) had substantially lower risk of the primary end point compared with sitagliptin. Tirzepatide had no meaningfully lowered risk compared with semaglutide (HR, 0.86 [95% CI, 0.70-1.06]). Negative controls, secondary end points, subgroups, and sensitivity analyses showed consistent results. No substantially increased risk was observed for select safety end points.</jats:p>
                  </jats:sec>
                  <jats:sec>
                    <jats:title>Conclusions and Relevance</jats:title>
                    <jats:p>In patients with cardiometabolic HFpEF, semaglutide and tirzepatide showed more than 40% risk reduction for the composite of hospitalization for heart failure or all-cause mortality compared with a placebo proxy. Tirzepatide showed no meaningful benefit over semaglutide.</jats:p>
                  </jats:sec>
                  <jats:sec>
                    <jats:title>Trial Registration</jats:title>
                    <jats:p>
                      ClinicalTrials.gov Identifiers:
                      <jats:ext-link xmlns:xlink=""http://www.w3.org/1999/xlink"" ext-link-type=""uri"" xlink:href=""https://www.clinicaltrials.gov/study/NCT06914102"">NCT06914102</jats:ext-link>
                      ,
                      <jats:ext-link xmlns:xlink=""http://www.w3.org/1999/xlink"" ext-link-type=""uri"" xlink:href=""https://www.clinicaltrials.gov/study/NCT06914154"">NCT06914154</jats:ext-link>
                      ,
                      <jats:ext-link xmlns:xlink=""http://www.w3.org/1999/xlink"" ext-link-type=""uri"" xlink:href=""https://www.clinicaltrials.gov/study/NCT06914141"">NCT06914141</jats:ext-link>
                    </jats:p>
                  </jats:sec>"
666102309,Real-world use of submaximal doses of long-acting GLP-1 receptor agonist semaglutide in patients with obesity: a prospective observational study,Zuzana MiertováPatrik LeckýBoris FockoTomáš BolekMartin Jozef PéčJakub JuricaNorbert NagyPeter Ga...,2026,Scientific Reports,10.1038/s41598-026-56147-8,Included,,
666102406,Wegovy approved for MASH,,2025,Nature Biotechnology,10.1038/s41587-025-02828-0,Excluded,,
666102478,Semaglutide in MASLD Patients: Improved Survival and Liver Outcomes,Mohamad Suki and Johnny Amer and Yael Milgrom and Muhammad Massarwa and Wadi Hazou and Yariv Tiram and Ofer Perzon and Yousra Sharif and Joseph Sackran and Revital Alon and Nachum Emil Eliezer Lourie and Itamar Raz and Ashraf Imam and Abed Khalaileh and Rifaat Safadi,2025,Pharmaceuticals,10.3390/ph18071075,Excluded,,"<jats:p>Introduction: Semaglutide (SEMA) has shown potential benefits in metabolic dysfunction-associated steatotic liver disease (MASLD). This large real-world study aimed to evaluate the effects of SEMA on MASLD patients’ clinical outcomes and liver-related complications. Results: Following propensity score matching based on 34 variables (demographics, comorbidities, laboratory tests, and medication history), SEMA-treated (n = 19,112) patients were compared with non-SEMA (n = 19,112) cases. Both cohorts were well-balanced, except for higher BMI in the SEMA group (36.60 ± 6.25 vs. 34.89 ± 6.84 kg/m2). After one year, the SEMA group demonstrated ~one BMI point reduction but maintained significantly higher BMI (35.51 ± 6.34 vs. 34.11 ± 6.64, p &lt; 0.001). LDL, triglycerides, and HbA1c levels significantly improved with SEMA, as evidenced by decreased rates of poor metabolic markers (31.13% vs. 34.32%, p &lt; 0.001). The SEMA-treated patients demonstrated significantly higher survival, lower cardiovascular risk, and reduced progression to advanced liver disease compared to controls. Discussion: In this large real-world cohort, SEMA use in MASLD patients was associated with significantly improved 1-year survival, cardiovascular, and liver-related outcomes. These benefits appear to result primarily from metabolic improvements and anti-inflammatory effects. Materials and Methods: Data were sourced from TriNetX, a global health research platform with de-identified electronic medical records spanning 135 million patients across 112 healthcare organizations worldwide. We included MASLD adults diagnosed according to ICD9 criteria. Assessed outcomes included survival, biochemical, hematologic, AFP, metabolic and cardiovascular parameters, advanced liver disease (ALD), synthetic function, and metabolic markers. Conclusions: Semaglutide may serve as an effective therapeutic strategy to improve outcomes in MASLD.</jats:p>"
666102480,Semaglutide vs tirzepatide in patients with obesity and HFpEF: a report from a global federated research network,Luca Monzo and Gianluigi Savarese and Kevin Duarte and Guillaume Baudry and Mark C Petrie and Nicolas Girerd,2026,ESC Heart Failure,10.1093/eschf/xvag042,Excluded,,"<jats:title>Abstract</jats:title>
                  <jats:sec>
                    <jats:title>Background and Aims</jats:title>
                    <jats:p>Semaglutide and tirzepatide have been shown to reduce body weight, improve health status, and lower rates of clinical events in patients with obesity and heart failure with preserved ejection fraction (HFpEF). Although recent data suggest that tirzepatide leads to greater weight loss compared to semaglutide in non-HF populations, it remains uncertain whether these different drugs might result in different clinical event rates. This study aims to compare the rates of clinical outcomes for semaglutide vs tirzepatide in patients with obesity and HFpEF.</jats:p>
                  </jats:sec>
                  <jats:sec>
                    <jats:title>Methods</jats:title>
                    <jats:p>In this non-randomized, observational cohort study, adults with obesity and a concurrent diagnosis of HFpEF who initiated treatment with semaglutide or tirzepatide for the first time between November 2023 and May 2025 were identified using electronic health record data from the TriNetX Global Collaborative Research Network. The primary endpoint was a composite of all-cause mortality and HF hospitalization, evaluated after propensity score matching (PSM).</jats:p>
                  </jats:sec>
                  <jats:sec>
                    <jats:title>Results</jats:title>
                    <jats:p>Among 3983 patients meeting the study criteria (semaglutide, 2719; tirzepatide, 1264), 1258 remained in each group after PSM (mean age 66 years, 41% male, 77% White, mean body mass index 42 kg/m², 63% with diabetes). Over a median follow-up of 24 weeks, semaglutide and tirzepatide were associated with a similar risk of the primary composite endpoint (HR 1.14 [95% CI, 0.89–1.46]; P = .286), and of its individual components (all-cause death: HR 1.24 [95% CI, 0.63–2.44]; P = .531; HF hospitalization: HR 1.10 [95% CI, 0.85–1.43]; P = .471), irrespective of diabetes status.</jats:p>
                  </jats:sec>
                  <jats:sec>
                    <jats:title>Conclusions</jats:title>
                    <jats:p>In this real-world analysis, no difference was observed between semaglutide and tirzepatide in terms of clinical outcomes among patients with obesity and HFpEF.</jats:p>
                  </jats:sec>"
666102481,Semaglutide versus other GLP-1 receptor agonists in patients with MASLD,Chia-Chih Kuo and Chun-Hsien Li and Min-Hsiang Chuang and Po-Yu Huang and Hsing-Tao Kuo and Chih-Cheng Lai,2025,Hepatology Communications,10.1097/hc9.0000000000000747,Excluded,,"<jats:sec>
            <jats:title>Objectives:</jats:title>
            <jats:p>Metabolic dysfunction–associated steatotic liver disease (MASLD) is the most prevalent chronic liver disease worldwide. While glucagon-like peptide-1 receptor agonists (GLP-1RAs) show promise in MASLD treatment, the comparative effectiveness of semaglutide versus other GLP-1RAs remains unclear. This study aimed to compare clinical outcomes between semaglutide and other GLP-1RAs in patients with MASLD.</jats:p>
          </jats:sec>
          <jats:sec>
            <jats:title>Methods:</jats:title>
            <jats:p>Using the TriNetX Research Network database, we conducted a retrospective cohort study of patients with MASLD newly prescribed GLP-1RAs between December 2017 and September 2023. The primary outcome was a composite of all-cause mortality, major adverse cardiovascular events, major adverse kidney events, and major adverse liver outcomes. Secondary outcomes included the individual components of the primary outcome.</jats:p>
          </jats:sec>
          <jats:sec>
            <jats:title>Results:</jats:title>
            <jats:p>After propensity score matching, 20,384 patients were included in each group. Compared to other GLP-1RAs, semaglutide was associated with a 14% lower risk of primary composite outcomes (31.8 vs. 36.6 events per 10,000 person-years; adjusted HR, 0.86; 95% CI: 0.80–0.93). Semaglutide users showed significantly reduced risks of all-cause mortality (aHR, 0.68; 95% CI: 0.59–0.80) and major adverse liver outcomes (aHR, 0.79; 95% CI: 0.66–0.94). Benefits were consistent across subgroups, including age, sex, obesity status, and diabetes status. Comparative analyses showed superior outcomes with semaglutide versus dulaglutide (aHR, 0.88; 95% CI: 0.81–0.96) and liraglutide (aHR, 0.83; 95% CI: 0.71–0.97).</jats:p>
          </jats:sec>
          <jats:sec>
            <jats:title>Conclusions:</jats:title>
            <jats:p>In patients with MASLD, semaglutide use was associated with significantly better clinical outcomes compared to other GLP-1RAs, particularly in reducing mortality and major adverse liver outcome risks. These findings suggest semaglutide may be the preferred GLP-1RA choice for MASLD treatment.</jats:p>
          </jats:sec>"
666102488,"Real-World Weight Loss Among Patients Initiating Semaglutide 2.4 mg and Enrolled in WeGoTogether, a Digital Self-Support Application",Joshua C. Toliver and Victoria Divino and Carmen D. Ng and Julia Wang,2025,Advances in Therapy,10.1007/s12325-025-03325-1,Included,,"Semaglutide injection 2.4 mg (Wegovy®; hereafter referred to as semaglutide) was approved by the US Food and Drug Administration in June 2021 for chronic weight management in adults with overweight or obesity. This study aimed to evaluate the real-world long-term effectiveness of semaglutide in combination with the WeGoTogether patient support program with a follow-up period of up to 24 months. This retrospective, noninterventional cohort study included adults with overweight or obesity (body mass index [BMI] ≥ 25.0 kg/m2) who initiated semaglutide and enrolled in WeGoTogether during the study period (6/2021–4/2025). Semaglutide is administered as a once-weekly subcutaneous injection. Patients had ≥ 2 post-index weights, with ≥ 1 weight at 6, 12, 18, and/or 24 months (± 30 days) of follow-up. Self-reported, de-identified data from WeGoTogether were analyzed descriptively. Patient demographics were characterized, and changes in weight and BMI were compared from index to each follow-up time point. Overall, 8177 patients met the eligibility criteria, including 7604 (93.0%) patients with a BMI ≥ 30.0 kg/m2. At baseline, the mean age was 49.5 years, mean weight was 234.1 lb, and mean BMI was 38.4 kg/m2; 83.6% of patients were female. Among patients with reported weight at the time points of interest, the mean (standard deviation) percent weight loss was − 13.4% (6.4) at 6 months (n = 6964), − 17.6% (10.2) at 12 months (n = 2050), − 20.3% (11.4) at 18 months (n = 491), and − 20.4% (11.3) at 24 months (n = 325). The proportions of patients achieving ≥ 20% weight loss were 13.1%, 43.3%, 52.5%, and 50.5% at 6, 12, 18, and 24 months, respectively. Similar results were observed for the subgroup with BMI ≥ 30.0 kg/m2. The study demonstrated substantial weight loss with semaglutide treatment, including over long-term 18- and 24-month follow-up periods, as reported in the WeGoTogether program. These data suggest patients can achieve clinically meaningful long-term (24 months) weight loss in real-world settings when treated with semaglutide and participating in the WeGoTogether patient support program. Obesity is a common condition among adults and can increase the risk of developing serious health complications. In the USA, the drug semaglutide (known as Wegovy®) is approved for long-term weight management in patients with overweight or obesity. The WeGoTogether patient support program is a free digital application that provides resources to help patients start and maintain semaglutide treatment. This study examined real-world weight loss data for patients taking semaglutide who were enrolled in WeGoTogether. Patients with overweight or obesity (body mass index [BMI] score of 25.0 kg/m2 or higher) who received semaglutide treatment and reported weight measurements in the WeGoTogether program were included. Change in body weight was measured over time up to 24 months after starting semaglutide. A total of 8177 patients with overweight or obesity were included in this study. The average weight loss was 13.4% at 6 months, 17.6% at 12 months, 20.3% at 18 months, and 20.4% at 24 months. The number of patients who lost 20% or more of their initial body weight increased over time, from 13.1% at 6 months to 50.5% at 24 months. This study demonstrated that patients with overweight or obesity who were treated with semaglutide and enrolled in the WeGoTogether program had meaningful long-term (24 months) weight loss. The study’s large size and long duration suggest that this combination is effective for long-term weight loss in a real-world setting."
666102489,Weight loss and cardiovascular disease risk outcomes of semaglutide: a one-year multicentered study,Wissam Ghusn and Sima Fansa and Diego Anazco and Elif Tama and Bryan Nicolalde and Khushboo Gala and Alan De la Rosa and Daniel Sacoto and Lizeth Cifuentes and Alejandro Campos and Fauzi Feres and Maria Daniela Hurtado and Andres Acosta,2024,International Journal of Obesity,10.1038/s41366-023-01456-5,Excluded,,
666102490,Weight loss response in patients with obesity treated with injectable semaglutide in a real-world setting,Khaled Alabduljabbar and Moath Alsaqaaby and Karl J. Neff and Michael Crotty and Carel W. le Roux,2023,Endocrine,10.1007/s12020-023-03534-0,Excluded,,
666102491,Weight Loss Outcomes Associated With Semaglutide Treatment for Patients With Overweight or Obesity,Wissam Ghusn and Alan De la Rosa and Daniel Sacoto and Lizeth Cifuentes and Alejandro Campos and Fauzi Feris and Maria Daniela Hurtado and Andres Acosta,2022,JAMA Network Open,10.1001/jamanetworkopen.2022.31982,Excluded,,"<jats:sec id=""ab-zoi220917-4""><jats:title>Importance</jats:title><jats:p>No retrospective cohort study has assessed the effectiveness of semaglutide at doses used in randomized clinical trials to treat obesity (ie, 1.7 and 2.4 mg).</jats:p></jats:sec><jats:sec id=""ab-zoi220917-5""><jats:title>Objective</jats:title><jats:p>To study weight loss outcomes associated with semaglutide treatment at doses used in randomized clinical trials for patients with overweight or obesity.</jats:p></jats:sec><jats:sec id=""ab-zoi220917-6""><jats:title>Design, Setting, and Participants</jats:title><jats:p>This cohort study, conducted at a referral center for weight management, retrospectively collected data on the use of semaglutide for adults with overweight or obesity between January 1, 2021, and March 15, 2022, with a follow-up of up to 6 months. A total of 408 patients with a body mass index (BMI) of 27 or more were prescribed weekly semaglutide subcutaneous injections for 3 months or more. Patients with a history of bariatric procedures, taking other antiobesity medications, and with an active malignant neoplasm were excluded.</jats:p></jats:sec><jats:sec id=""ab-zoi220917-7""><jats:title>Exposures</jats:title><jats:p>Weekly 1.7-mg or 2.4-mg semaglutide subcutaneous injections for 3 to 6 months.</jats:p></jats:sec><jats:sec id=""ab-zoi220917-8""><jats:title>Main Outcomes and Measures</jats:title><jats:p>The primary end point was the percentage of weight loss. Secondary end points were the proportion of patients achieving weight loss of 5% or more, 10% or more, 15% or more, and 20% or more after 3 and 6 months and the percentage of weight loss for patients with or without type 2 diabetes after 3 and 6 months.</jats:p></jats:sec><jats:sec id=""ab-zoi220917-9""><jats:title>Results</jats:title><jats:p>The study included 175 patients (132 women [75.4%]; mean [SD] age, 49.3 [12.5] years; mean [SD] BMI, 41.3 [9.1]) in the analysis at 3 months and 102 patients at 6 months. The mean (SD) weight loss after 3 months was 6.7 (4.4) kg, equivalent to a mean (SD) weight loss of 5.9% (3.7%) (<jats:italic>P</jats:italic> &amp;lt; .001), and the mean (SD) weight loss after 6 months was 12.3 (6.6) kg, equivalent to a mean (SD) weight loss of 10.9% (5.8%) (<jats:italic>P</jats:italic> &amp;lt; .001 from baseline). Of the 102 patients who were followed up at 6 months, 89 (87.3%) achieved weight loss of 5% or more, 56 (54.9%) achieved weight loss of 10% or more, 24 (23.5%) achieved weight loss of 15% or more, and 8 (7.8%) achieved weight loss of 20% or more. Patients with type 2 diabetes had a lower mean (SD) percentage weight loss at 3 and 6 months compared with those without type 2 diabetes: 3.9% (3.1%) vs 6.3% (3.7%) at 3 months (<jats:italic>P</jats:italic> = .001) and 7.2% (6.3%) vs 11.8% (5.3%) at 6 months (<jats:italic>P</jats:italic> = .005).</jats:p></jats:sec><jats:sec id=""ab-zoi220917-10""><jats:title>Conclusions and Relevance</jats:title><jats:p>The results of this cohort study suggest that weekly 1.7-mg and 2.4-mg doses of semaglutide were associated with weight loss similar to that seen in randomized clinical trials. Studies with longer periods of follow-up are needed to evaluate prolonged weight loss outcomes.</jats:p></jats:sec>"
666170976,Short term effects of semaglutide on emotional eating and other abnormal eating patterns among subjects living with obesity,Joana Nicolau and Antelm Pujol and Santiago Tofé and Aina Bonet and Apolonia Gil,2022,Physiology &amp; Behavior,10.1016/j.physbeh.2022.113967,Included,,
666171276,PPA-549716-real-world-off-label-use-of-semaglutide-for-weight-reduction_d1N,,,,,Excluded,,
666171713,Real-World Use of Semaglutide for Weight Management: Patient Characteristics and Dose Titration—A Danish Cohort Study,"Ladebo, Louise and Ernst, Martin T. and Mailhac, Aurélie and Dirksen, Carsten and Bojsen-Møller, Kirstine N. and Pottegård, Anton",2024,Diabetes Care,10.2337/dc24-1082,Included,,"To determine patient characteristics and dose titration patterns of real-world semaglutide (Wegovy) users.We used a population-based cohort study including Danish adults who filled semaglutide prescriptions from 12 December 2022 to 31 December 2023. Outcomes were patient characteristics, prescriber type, and dose titration patterns.We identified 110,748 individuals (median age 49 years; 70% female) filling 773,708 prescriptions for semaglutide. General practitioners initiated treatment in 86%. Common comorbidities included hypertension (30%), dyslipidemia (17%), and arthrosis (17%). Only 13% reached the maximum dose of 2.4 mg by their fifth prescription, while 5.7% stopped after the first prescription. Few users (10%) followed recommended dose increases every 4 weeks. Overall, 25% filled at least one prescription of 2.4 mg, while 33–48% continued with the 1.0-mg dosage from the fourth prescription onward.Real-world semaglutide users generally resembled trial participants, but few follow the dose titration schemes tested in premarket clinical trials."
666171987,Adverse events in different administration routes of semaglutide: a pharmacovigilance study based on the FDA adverse event reporting system,Kaibin Niu and Maoxia Fan and Wulin Gao and Chen Chen and Guohua Dai,2024,Frontiers in Pharmacology,10.3389/fphar.2024.1414268,Included,,"<jats:sec><jats:title>Background</jats:title><jats:p>With the continuously increasing incidence of type 2 diabetes, glucagon-like peptide-1 (GLP-1) receptor agonists, known for their dual benefits of effectively controlling blood glucose levels while also reducing weight and lowering cardiovascular disease risks, have been widely employed in the treatment of this condition. In recent years, semaglutide has garnered significant attention as the only injectable and orally administered glucagon-like peptide-1 receptor agonist (GLP-1RA). However, it is important to note that different routes of administration may lead to varying adverse events in patients. The aim of this study is to compare the adverse event profiles of semaglutide across different routes of administration by analyzing the adverse event reporting system of the U.S. Food and Drug Administration (FDA). The findings from this analysis will provide valuable insights for clinical practice and drug surveillance.</jats:p></jats:sec><jats:sec><jats:title>Methods</jats:title><jats:p>Data was extracted from the U.S. Food and Drug Administration Adverse Event Reporting System (FAERS) database, specifically focusing on the period from the fourth quarter of 2017 to the fourth quarter of 2023. A comparative analysis was conducted using disproportionality analysis, reporting odds ratio (ROR), and stratified analysis methods to assess and compare the signals of adverse events (AE) and the time to onset of adverse reactions associated with different routes of administration of semaglutide from 2017 to 2023.</jats:p></jats:sec><jats:sec><jats:title>Results</jats:title><jats:p>A total of 22,287 adverse reaction records related to semaglutide were identified in the FAERS database. A comparative analysis was performed on 16,346 records of subcutaneous administration and 2,496 records of oral administration. Different routes of administration can lead to varying adverse reaction outcomes. Compared to oral administration, subcutaneous injection is more likely to result in adverse events related to the endocrine system. Oral administration is more likely to induce adverse events in the gastrointestinal system. Additionally, it significantly accelerates the onset of adverse reactions. The comparative analysis of all relevant results indicates that semaglutide can lead to different adverse reaction events depending on the route of administration. Furthermore, there are significant differences in the time of onset for these adverse reactions.</jats:p></jats:sec><jats:sec><jats:title>Conclusion</jats:title><jats:p>Semaglutide exhibits variations in adverse reaction events and the time of onset across different routes of administration. Therefore, when selecting the route of administration for semaglutide, clinicians should consider the risk of adverse events and weigh them against the clinical benefits. Based on these considerations, appropriate guidance and recommendations can be provided to patients.</jats:p></jats:sec>"
666171988,1691-P: Clinical Outcomes in Patients with Obesity or Overweight Treated with Semaglutide 2.4 mg—A Real-World Retrospective Cohort Study in the United States (SCOPE 2),"MICHALAK, WOJCIECH and FABRICATORE, ANTHONY and O HARTAIGH, BRIAIN and RUSEVA, ALEKSANDRINA and ZHAO, ZHENXIANG and UMASHANKER, DEVIKA",2024,Diabetes,10.2337/db24-1691-P,Included,,"Introduction &amp; Objective: This study assessed changes in clinical outcomes among patients with obesity or overweight treated with semaglutide 2.4mg versus no anti-obesity medications (AOM) in the US.Methods: This retrospective database cohort study used the electronic health records linked to administrative claims from Komodo Health and included patients (≥18 years) with obesity, or overweight with ≥1 obesity-related comorbidity, who started therapy with semaglutide 2.4mg after June 15, 2021 and remained adherent for 12 months or those not treated with any AOM in the same period. Propensity score matching (1:4) was used to address treatment selection bias. Changes in weight from baseline to the end of 12 months follow-up, and proportions of patients achieving ≥5%, ≥10%, and ≥15% weight reduction were compared between the matched cohorts using generalized linear models.Results: Matched cohorts (143 semaglutide 2.4mg patients and 571 no AOM patients) were balanced in baseline characteristics with mean (SD) BMI 39.8 (7.35) kg/m2, mean (SD) age 46 (10.9) years, and 77% were female. At 1-year post-index, semaglutide 2.4mg patients had a significantly greater reduction in weight (−15.0% vs. −1.3%, P&lt;0.001) and a greater proportion of patients achieved a weight reduction ≥5% (83.9% vs 20.1%), ≥10% (74.8% vs. 7.4%), and ≥15% (49.7% vs. 3.7%) (P&lt;0.001 for all three comparisons).Conclusion: In this real-world study, patients with obesity or overweight treated with semaglutide 2.4mg demonstrated a greater, sustained, and clinically relevant reduction in body weight versus those not treated with an AOM. These changes are consistent with those observed in clinical trials.W. Michalak: Employee; Novo Nordisk. Stock/Shareholder; Novo Nordisk, Eli Lilly and Company. A. Fabricatore: Employee; Novo Nordisk. Stock/Shareholder; Novo Nordisk. B. O Hartaigh: Employee; Novo Nordisk A/S. A. Ruseva: Employee; Novo Nordisk. Stock/Shareholder; Novo Nordisk. Z. Zhao: None. D. Umashanker: Consultant; Novo Nordisk.Novo Nordisk Inc."
666171989,GLP-1RA in the Real World,Pourya Medhati and Thomas H. Shin and Katherine Wasden and Vasundhara Mathur and Caroline Apovian and Abdelrahman Nimeri and Eric G. Sheu and Ali Tavakkoli,2025,Annals of Surgery,10.1097/sla.0000000000006748,Included,,"<jats:sec>
            <jats:title>Objective:</jats:title>
            <jats:p>To investigate weight loss outcomes of semaglutide in a real-world setting, specifically in patients who have undergone metabolic/bariatric surgery (MBS).</jats:p>
          </jats:sec>
          <jats:sec>
            <jats:title>Summary Background Data:</jats:title>
            <jats:p>Despite excellent weight loss for semaglutide in clinical trials, actual results may be limited due to factors such as costs, drug availability, insurance coverage, and adverse events.</jats:p>
          </jats:sec>
          <jats:sec>
            <jats:title>Methods:</jats:title>
            <jats:p>A retrospective series of patients with obesity prescribed semaglutide at a large multidisciplinary weight management center in a tertiary academic institution. Primary endpoints were compliance and percentage total weight loss (%TWL) within 1 year of semaglutide prescription, with further evaluation of weight loss in those with previous history of MBS.</jats:p>
          </jats:sec>
          <jats:sec>
            <jats:title>Results:</jats:title>
            <jats:p>The average [SD] %TWL at 1 year among all patients prescribed semaglutide was 8.8% [10.5]. Of 1,072 patients prescribed semaglutide, 199/1072 (18.6%) did not start semaglutide mainly due to access issues, and 268/1072 (25%) discontinued it within 1 year primarily due to patient factors and side effects. Among patients who completed 1 year of treatment, %TWL was 10.9% [9.8]. In those with history of MBS, %TWL was higher in patients who underwent Roux-en-Y Gastric Bypass (RYGB), but not sleeve gastrectomy, compared to no MBS history (13.6% [10.3] vs. 10.1% [9.6]; <jats:italic toggle=""yes"">P</jats:italic>=0.022). Furthermore, %TWL with semaglutide was less in those with BMI&gt;40, than those with BMI&lt;40.</jats:p>
          </jats:sec>
          <jats:sec>
            <jats:title>Conclusions:</jats:title>
            <jats:p>1-year semaglutide compliance is low at 56.4%. 1-year TWL for all patients prescribed semaglutide was 8.8%, and 10.9% for those who took semaglutide for 1 complete year. Patients who underwent RYGB tended to lose more weight with semaglutide than naïve MBS patients.</jats:p>
          </jats:sec>"
