Rayyan_ID,Title,Authors,Year,Journal,DOI,Title_Abstract_Decision,Recorded_Exclusion_Reasons,Abstract
666096258,9908-9915_gmJ,,,,,Included,,
666096260,Use of semaglutide after acute coronary syndrome: an exploratory retrospective study,"Biasin M, Stratinaki M, Cordioli N, Armani I, De Giovanni S, Aletras G, Betta D, Callegarin L, Ga...",,,10.2459/JCM.0000000000001837,Included,,
666096261,Real-World Weight Loss Observed With Semaglutide and Tirzepatide in Patients with Overweight or Obesity and Without Type 2 Diabetes (SHAPE),Carmen D. Ng and Victoria Divino and Julia Wang and Joshua C. Toliver and Marcio Buss,2025,Advances in Therapy,10.1007/s12325-025-03340-2,Included,,"Semaglutide 2.4 mg injection (Wegovy®), a glucagon-like peptide-1 (GLP-1) receptor agonist, was approved by the US Food and Drug Administration for weight management in June 2021. Tirzepatide, a glucose-dependent insulinotropic polypeptide and GLP-1 receptor agonist, was approved for type 2 diabetes mellitus (T2DM; Mounjaro®) in May 2022 and weight management (Zepbound®) in November 2023. Due to limited data on the long-term effectiveness of these medications, this study assessed real-world weight loss with semaglutide 2.4 mg or tirzepatide after 1 year in patients with overweight or obesity and without T2DM. This retrospective cohort study included adults with overweight or obesity and ≥ 1 pharmacy claim for semaglutide 2.4 mg or tirzepatide in the US Komodo Health database between June 4, 2021, and December 15, 2023. Patients had continuous enrollment for 1 year before (baseline period) and 1 year after (follow-up period) the index date (date of treatment initiation) and persistence on therapy (no gap of > 30 days’ supply) during follow-up. Patients with T2DM at baseline were excluded. Weight change from index to 1 year was descriptively assessed. Overall, 9916 patients were included (semaglutide 2.4 mg, n = 6794; tirzepatide, n = 3122). Baseline characteristics were descriptively similar for semaglutide 2.4 mg and tirzepatide: mean age was 47.8 and 49.5 years, 79.8% and 77.9% were female, and mean index weight was 104.5 and 104.9 kg, respectively. After 1 year of follow-up, the mean weight loss from baseline with semaglutide 2.4 mg and tirzepatide was − 14.6 and − 17.2 kg, respectively, with percent weight loss of − 14.1% and − 16.5%. Most (83.5%) patients treated with semaglutide 2.4 mg reached the maximum dose (2.4 mg), while 25.9% of patients treated with tirzepatide reached the maximum dose (15 mg). Findings suggest semaglutide 2.4 mg and tirzepatide are used in descriptively similar populations and both resulted in clinically meaningful weight loss after 1 year of treatment. Obesity, a condition of higher than normal body fat, is common among adults. Obesity contributes to many health problems and higher medical costs compared with adults with normal weight. This study examined the weight loss of patients treated with two drugs recently approved by the US Food and Drug Administration for weight management: semaglutide and tirzepatide. Both drugs affect weight by impacting the glucagon-like peptide-1 system. The US Komodo Health database, which provides patient medical history for over 140 million US patients, including medical and pharmacy claims, clinical observations, and laboratory results, was used to examine data for adults with overweight or obesity who had at least one pharmacy claim for semaglutide or tirzepatide. Weight change 1 year after the start of treatment was measured. This study found that patients treated with semaglutide and tirzepatide had generally similar characteristics, such as age, gender, and starting weight before treatment. After 1 year of treatment, the average weight loss with semaglutide was –14.6 kg, or 14.1% of body weight; the average weight loss with tirzepatide was –17.2 kg, or 16.5% of body weight. Findings from this study suggest that semaglutide and tirzepatide are used for patients with similar characteristics and both led to meaningful weight loss after 1 year of treatment. Given the study size and patient information from the database, the results likely reflect outcomes for real-world patients taking semaglutide or tirzepatide for obesity management."
666096262,"A Remotely Delivered, Semaglutide-Supported Specialist Weight Management Program: Preliminary Findings From a Retrospective Service Evaluation",Rebecca Richards and Gina M Wren and Peta Campion and Michael Whitman,2023,JMIR Formative Research,10.2196/53619,Included,,"<jats:sec>
                    <jats:title>Background</jats:title>
                    <jats:p>Digital weight management interventions have the potential to increase access to novel pharmacotherapy for people living with obesity. At present, there is limited real-world evidence on the effectiveness, feasibility, and acceptability of this type of intervention.</jats:p>
                  </jats:sec>
                  <jats:sec>
                    <jats:title>Objective</jats:title>
                    <jats:p>This retrospective service evaluation examines real-world data to evaluate the preliminary impact of Second Nature’s 24-month, remotely delivered, semaglutide-supported weight management intervention for adults living with obesity at 12 weeks.</jats:p>
                  </jats:sec>
                  <jats:sec>
                    <jats:title>Methods</jats:title>
                    <jats:p>Retrospective data were extracted in October 2023 for participants who started the intervention between June 8, 2023, and July 22, 2023. The primary outcomes were weight change (kg) and percentage of weight change at 12 weeks. The secondary outcomes were the proportion of participants who achieved ≥5% and ≥10% weight loss and the feasibility and acceptability of this type of intervention. Descriptive statistics were used to evaluate the baseline characteristics, retention, engagement, prevalence of side effects, and weight change. A paired 2-tailed t test was used to determine the significance of weight change. Content analysis was used to analyze the free-text questionnaire responses.</jats:p>
                  </jats:sec>
                  <jats:sec>
                    <jats:title>Results</jats:title>
                    <jats:p>A total of 113 participants with a mean baseline BMI of 38.4 kg/m2 (SD 7.3) were included in the analysis (n=102, 90.4% women, mean age 46.6, SD 11.1 years). Over 12 weeks, 23% (n=26) of participants withdrew from the intervention. A total of 70.8% (n=80) of participants provided weight data at 12 weeks. The average weight loss observed over this 12-week period was 6.5 (SD 4.4) kg (P&lt;.001) or 6.4% (SD 4.2%) of their starting weight (P&lt;.001). Of the 80 participants who recorded weight readings, 62.5% (n=50) achieved ≥5% weight loss, and 11.3% (n=9) achieved ≥10% weight loss. Engagement with the app-based program declined from a mean of 131 (SD 142.6) home screen views in week 0 to 35 (SD 57.1) in week 11. Common side effects reported over 12 weeks included feeling more tired than usual, constipation, and feeling sick. However, a significant proportion of participants reported no side effects. Most participants (n=106, 93.8%) did not experience any difficulties in medication administration. Qualitative data showed that most participants had a positive or neutral experience of the intervention, with some reporting perceived benefits as early as 4 weeks. Most participants did not feel that improvements in the intervention were needed; however, some participants faced issues with medication shipping or logistics.</jats:p>
                  </jats:sec>
                  <jats:sec>
                    <jats:title>Conclusions</jats:title>
                    <jats:p>This retrospective preliminary service evaluation suggests that a remotely delivered semaglutide-supported weight management intervention has the potential to be effective, feasible, and acceptable for self-paying consumer adults with obesity in the United Kingdom. Areas for further improvement were highlighted, including user engagement in an app-based program. A full-service evaluation at the end of the 24-month intervention with a larger sample size is required to support these early findings.</jats:p>
                  </jats:sec>"
666096263,Association of semaglutide with reduced incidence and relapse of cannabis use disorder in real-world populations: a retrospective cohort study,William Wang and Nora D. Volkow and Nathan A. Berger and Pamela B. Davis and David C. Kaelber and Rong Xu,2024,Molecular Psychiatry,10.1038/s41380-024-02498-5,Included,,"<jats:title>Abstract</jats:title>
                  <jats:p>Cannabis is the most frequently used illicit drug in the United States with more than 45 million users of whom one-third suffer from a cannabis use disorder (CUD). Despite its high prevalence, there are currently no FDA-approved medications for CUD. Patients treated with semaglutide, a glucagon-like peptide-1 receptor agonist (GLP-1RA) approved for treating type 2 diabetes (T2D) and for weight management have reported reduced desire to drink and smoke. Preclinical studies have shown that semaglutide decreased nicotine and alcohol consumption. Preclinical and preliminary clinical evidence of semaglutide’s potential beneficial effects on various substance use disorders led us to evaluate if it pertained to CUD. In this retrospective cohort study of electronic health records (EHRs) from the TriNetX Analytics Network, a global federated health research network of approximately 105.3 million patients from 61 large healthcare organizations in the US, we aimed to assess the associations of semaglutide with both incident and recurrent CUD diagnosis compared to non-GLP-1RA anti-obesity or anti-diabetes medications. Hazard ratio (HR) and 95% confidence intervals (CI) of incident and recurrent CUD were calculated for 12-month follow-up by comparing propensity-score matched patient cohorts. The study population included 85,223 patients with obesity who were prescribed semaglutide or non-GLP-1RA anti-obesity medications, with the findings replicated in 596,045 patients with T2D. In patients with obesity (mean age 51.3 years, 65.6% women), semaglutide compared with non-GLP-1RA anti-obesity medications was associated with lower risk for incident CUD in patients with no prior history CUD (HR: 0.56, 95% CI: 0.42–0.75), and recurrent CUD diagnosis in patients with a prior history CUD (HR: 0.62, 95% CI: 0.46–0.84). Consistent reductions were seen for patients stratified by gender, age group, race and in patients with and without T2D. Similar findings were replicated in the study population with T2D when comparing semaglutide with non-GLP-1RA anti-diabetes medications for incident CUD (HR: 0.40, 95% CI: 0.29–0.56) and recurrent CUD (HR: 0.66, 95% CI: 0.42–1.03). While these findings provide preliminary evidence of the potential benefit of semaglutide in CUD in real-world populations, further preclinical studies are warranted to understand the underlying mechanism and randomized clinical trials are needed to support its use clinically for CUD.</jats:p>"
666096264,"A systematic review of GLP-1 on anthropometrics, metabolic and endocrine parameters in patients with PCOS",Salwa Bader and Rahila Bhatti and Bashair Mussa and Salah Abusanana,2024,Women's Health,10.1177/17455057241234530,Excluded,wrong population; wrong study design,"<jats:p>Polycystic ovary syndrome is a common reproductive endocrine condition that affects women of fertile age and is characterized by three main features, including hyperandrogenism, chronic anovulation, and polycystic ovaries. In addition, half of women with polycystic ovary syndrome have insulin resistance, and obesity or overweight, type 2 diabetes, hypertension, and hyperlipidemia are the most common metabolic abnormalities affecting (30%) women with polycystic ovary syndrome. Weight loss is regarded as the first-line treatment as it can potentially improve polycystic ovary syndrome parameters (androgen levels, menstrual cyclicity, lipid and glucose metabolism). However, achieving and maintaining weight loss can be challenging, and pharmacological agents could be essential to achieve optimal glycemic control and improve the endocrine disturbance associated with polycystic ovary syndrome. Glucagon-like peptide-1 receptor agonist has been demonstrated as monotherapy or in combination with metformin for managing obesity and insulin resistance associated with polycystic ovary syndrome. Yet, its effect on endocrine and metabolic parameters remains elusive, and further research is needed to close the gap. The aim is to evaluate the efficacy of glucagon-like peptide-1 receptor agonist monotherapy and/or a combined treatment between glucagon-like peptide-1 receptor agonist and metformin for improving anthropometric measurements, endocrine and metabolic parameters in lean and obese women with polycystic ovary syndrome. A systematic review of longitudinal cohort studies was conducted across databases including Ovid Medline, PubMed Central, and Cochrane Library between 2015 and 2022. Eligible studies included participants with polycystic ovary syndrome diagnosed according to the 2003 Rotterdam or the 1990 National Institutes of Health criteria. A total of eight studies including 486 patients with polycystic ovary syndrome were analyzed. The mean age was between 18 and 45 years with mean follow-up period between 12 and 32 weeks. In all these studies, results were comparable for the reduction in body mass index, waist circumference, fat mass, and visceral fat mass; however, it was more in combination therapy versus comparator. In conclusion, glucagon-like peptide-1 receptor agonists effectively reduce body weight and improve some of the endocrine and metabolic parameters of polycystic ovary syndrome. A combined treatment with glucagon-like peptide-1 receptor agonist and metformin had significant effects on weight loss and favorable results on endocrine and metabolic parameters, yet further research is needed to discover the long-term safety of combined therapy in women diagnosed with polycystic ovary syndrome and obesity or overweight.</jats:p>"
666096267,Association of semaglutide with risk of suicidal ideation in a real-world cohort,William Wang and Nora D. Volkow and Nathan A. Berger and Pamela B. Davis and David C. Kaelber and Rong Xu,2024,Nature Medicine,10.1038/s41591-023-02672-2,Included,,
666096268,Glucagon-like peptide-1 receptor agonists: a review of the literature from a dental perspective,Jill O´Driscoll and Grant McIntyre,2026,British Dental Journal,10.1038/s41415-025-9345-4,Excluded,wrong study design,
666096269,Associations of semaglutide with incidence and recurrence of alcohol use disorder in real-world population,William Wang and Nora D. Volkow and Nathan A. Berger and Pamela B. Davis and David C. Kaelber and Rong Xu,2024,Nature Communications,10.1038/s41467-024-48780-6,Included,,"<jats:title>Abstract</jats:title><jats:p>Alcohol use disorders are among the top causes of the global burden of disease, yet therapeutic interventions are limited. Reduced desire to drink in patients treated with semaglutide has raised interest regarding its potential therapeutic benefits for alcohol use disorders. In this retrospective cohort study of electronic health records of 83,825 patients with obesity, we show that semaglutide compared with other anti-obesity medications is associated with a 50%-56% lower risk for both the incidence and recurrence of alcohol use disorder for a 12-month follow-up period. Consistent reductions were seen for patients stratified by gender, age group, race and in patients with and without type 2 diabetes. Similar findings are replicated in the study population with 598,803 patients with type 2 diabetes. These findings provide evidence of the potential benefit of semaglutide in AUD in real-world populations and call for further randomized clinical trials.</jats:p>"
666096270,The Impact of Semaglutide on Weight Loss and Inflammation in People                         with HIV. An Observational Prospective Study in Greek Population,"Petrakis, Vasileios; Rafailidis, Petros; Panopoulou, Maria; Konstantinidis, Theocharis; Tsantes, ...",2026,Exp Clin Endocrinol Diabetes,10.1055/a-2737-6227,Excluded,wrong population,"The existing literature on the effects of semaglutide in people with HIV                             (PWH) and diabetes mellitus remains limited. In this study, the effects of                             semaglutide on weight control and inflammation in PWH were evaluated.This is a prospective observational study that included PWH with type 2                             diabetes mellitus monitored at the HIV Unit of the University General                             Hospital of Alexandroupolis and a matched control group of non-HIV                             individuals. Demographic, anthropometric, and clinical characteristics,                             including HIV-related data and comorbidities, were reported. All                             participants received semaglutide with a gradual dose increase to 1 mg once                             weekly. Body Mass Index (BMI), glycosylated haemoglobin (HbA1c), and                             inflammatory markers (IL-6, TNF, hsCRP, sCD14, CD4/CD8 ratio) were recorded                             at baseline and at 6, 12, 18, and 24 months.Fifty participants (PWH: n=25; non-HIV: n=25) were included. At baseline, the                             mean BMI was 35.2±8.0 kg/m2 for PWH and 36.1±6.0 kg/m2                             for non-HIV controls. Semaglutide treatment resulted in significant and                             sustained weight loss in both groups (p<0.001). At 24 months, the median                             weight loss was –14.6 kg in the PWH group and –18.8 kg in the non-HIV group                             for those with a baseline BMI>35 kg/m2. Glycemic control also                             improved significantly, with mean HbA1c decreasing from 7.7%±1.23 to                             5.2%±1.02 in PWH (p<0.001), and from 7.9%±1.16 to 5.6%±1.21 in non-HIV                             controls (p<0.001). Significant reductions were observed in hsCRP and                             sCD14 levels in both cohorts. A unique finding was the significant increase                             in the CD4/CD8 ratio in the PWH group, from a mean baseline of 0.54±0.12 to                             0.83±0.14 at 24 months (p<0.001), a change not seen in the non-HIV                             controls.Semaglutide appears to be an effective and safe option for weight reduction                             and inflammation control in PWHIV. Further studies with a larger number of                             patients are necessary to substantiate these findings."
666096707,Cardiovascular Outcomes in Low-Risk Non-Diabetic Patients Treated with Semaglutide,George Komatsoulis and Alexey Shvets and Zachary Flamholz and Ripple Khera and Samantha Pindak and Nathaniel Tann and Jordan Wolinsky and Anthony Hudzik and Richard Stanford and Manesh Patel and Harry Phillips,2025,medRxiv,10.1101/2025.05.20.25327768,Included,,"<jats:title>Abstract</jats:title>
                <jats:p>Semaglutide use has been shown to reduce cardiovascular events in overweight/obese patients with diabetes and preexisting cardiovascular disease. However, data are limited on the benefit of semaglutide in populations without diabetes and with a low level of preexisting cardiovascular disease. Using claims data from Optum’s de-identified Market Clarity Data, we conducted an observational cohort study to evaluate mortality and cardiovascular outcomes associated with use of semaglutide in overweight/obese patients without diabetes or prior cardiovascular disease (myocardial infarction, stroke, or symptomatic peripheral arterial disease). A total of 38,234 patients who initiated semaglutide between April 2021 and March 2023 were propensity score matched 1:1 to control patients meeting study inclusion and exclusion criteria. Semaglutide patients were treated for a mean (SD) duration of 355 ± 261 days. Semaglutide patients and controls were followed for a mean (SD) duration of 20.2 ± 6.7 and 20.0 ± 6.5 months, respectively. In a time to first event analysis, a composite cardiovascular endpoint (all-cause mortality, nonfatal myocardial infarction or nonfatal ischemic stroke) occurred in 448 (1.2%) semaglutide patients and 645 (1.7%) control patients (HR = 0.73; 95% CI: [0.65, 0.82]; P&lt;0.001). Individual components of the composite endpoint were also significantly lower in the semaglutide group. These findings provide evidence of potential benefit of semaglutide for cardiovascular risk reduction in a population with minimal baseline cardiometabolic complications. Given the population health implications, clinical trials of semaglutide in low risk populations are indicated.</jats:p>"
666096708,Clinical effectiveness of semaglutide on weight_U8Y,,,,,Excluded,,
666096709,Sustained weight loss with semaglutide once weekly in patients without type 2 diabetes and post‐bariatric treatment failure,Anne Lautenbach and Tobias Kantowski and Jonas Wagner and Oliver Mann and Fabian Stoll and Jens Aberle,2023,Clinical Obesity,10.1111/cob.12593,Excluded,wrong population,"<jats:title>Summary</jats:title><jats:p>About 20%–25% of patients experience weight regain (WR) or insufficient weight loss (IWL) following bariatric surgery (BS). Therefore, we aimed to retrospectively assess the effectiveness of adjunct treatment with semaglutide in patients without type 2 diabetes (T2D) with post‐bariatric treatment failure over a 12 months period. Post‐bariatric patients without T2D with WR or IWL (<jats:italic>n</jats:italic> = 29) were included in the analysis. The primary endpoint was weight loss 12 months after initiation of adjunct treatment. Secondary endpoints included change in body mass index, HbA1c, lipid profile, high sensitive C‐reactive protein and liver enzymes. Total weight loss during semaglutide treatment added up to 14.7% ± 8.9% (mean ± SD, <jats:italic>p</jats:italic> &lt; .001) after 12 months. Categorical weight loss was &gt;5% in 89.7% of patients, &gt;10% in 62.1% of patients, &gt;15% in 34.5% of patients, &gt;20% in 24.1% of patients and &gt; 25% in 17.2% of patients. Adjunct treatment with semaglutide resulted in sustained weight loss regardless of sex, WR or IWL and type of surgery. Among patients with prediabetes (<jats:italic>n</jats:italic> = 6), 12 months treatment led to normoglycemia in all patients (<jats:italic>p</jats:italic> &lt; .05). Treatment options to manage post‐bariatric treatment failure are scarce. Our results imply a clear benefit of adjunct treatment with semaglutide in post‐bariatric patients over a 12 months follow‐up period.</jats:p>"
666096710,Changes in weight and glycemic control following obesity treatment with semaglutide or tirzepatide by discontinuation status,Hamlet Gasoyan and W. Scott Butsch and Rebecca Schulte and Nicholas J. Casacchia and Phuc Le and Christopher B. Boyer and Marcio L. Griebeler and Bartolome Burguera and Michael B. Rothberg,2025,Obesity,10.1002/oby.24331,Included,,"<jats:title>Abstract</jats:title>
                  <jats:sec>
                    <jats:title>Objective</jats:title>
                    <jats:p>The objective of this study was to characterize changes in body weight and glycated hemoglobin (in those with prediabetes at baseline) through 12 months by obesity pharmacotherapy discontinuation status.</jats:p>
                  </jats:sec>
                  <jats:sec>
                    <jats:title>Methods</jats:title>
                    <jats:p>This retrospective cohort study used electronic health record data from a large health system in Ohio and Florida to identify adults with overweight or obesity without type 2 diabetes who initiated injectable semaglutide or tirzepatide between 2021 and 2023. Treatment discontinuation was defined by a &gt;90‐day gap between exhaustion of previous supply and next dispense or end of study follow‐up (December 2024) and was classified into early discontinuation (i.e., within 3 months of index date) and late discontinuation (i.e., within 3–12 months).</jats:p>
                  </jats:sec>
                  <jats:sec>
                    <jats:title>Results</jats:title>
                    <jats:p>
                      We identified 7881 patients; 6109 received semaglutide, and 1772 received tirzepatide. A total of 80.8% had low maintenance dosages. Mean (SD) percentage weight reduction at 1 year was 8.7% (9.6%); and it was 3.6% (8.1%) with early discontinuation, 6.8% (9.1%) with late discontinuation, and 11.9% (9.2%) with non‐discontinuation (
                      <jats:italic>p</jats:italic>
                       &lt; 0.001). The mean (SD) absolute reduction in percent glycated hemoglobin at 1 year was 0.1 (0.4) with early discontinuation, 0.2 (0.4) with late discontinuation, and 0.4 (0.4) with non‐discontinuation (
                      <jats:italic>p</jats:italic>
                       &lt; 0.001).
                    </jats:p>
                  </jats:sec>
                  <jats:sec>
                    <jats:title>Conclusions</jats:title>
                    <jats:p>The average weight reduction in this cohort was lower than that observed in the main phase 3 trials, likely because of higher rates of discontinuation and lower maintenance dosages.</jats:p>
                  </jats:sec>"
666096711,Comparison of Semaglutide and Lifestyle Counselling for Weight Loss Using Multi‐Site Electronic Health Records,William J. B. Powell and Diego R. Mazzotti and Stephen D. Herrmann and Ann M. Davis and Bettina Mittendorfer and Jared Bruce and Xing Song and Lemuel R. Waitman,2026,Clinical Obesity,10.1111/cob.70076,Included,,"<jats:title>ABSTRACT</jats:title>
                  <jats:p>
                    To evaluate the effectiveness of semaglutide compared with lifestyle counselling alone for weight loss in diabetic and non‐diabetic patients with obesity. This multi‐site, retrospective, observational study uses data from electronic health records which are part of the Greater Plains Collaborative (GPC) in a time‐to‐event analysis for comparative effectiveness. Participants were adults with obesity receiving semaglutide for a minimum of 16 weeks or lifestyle counselling with at least three sessions within the first 16 weeks. The primary outcome is incidence of 10% or greater reduction in weight from baseline. Of 3927 eligible participants, 615 were prescribed semaglutide and 3312 received lifestyle counselling. Following propensity score matching, each group (diabetic and non‐diabetic) consisted of 120 and 495 participants, respectively. Hazard ratios for 10% weight loss were significantly higher from semaglutide for non‐diabetic (1.63 [95% CI: 1.32, 2.01;
                    <jats:italic>p</jats:italic>
                     &lt; 0.001]) and diabetic (2.45 [95% CI: 1.47, 4.09;
                    <jats:italic>p</jats:italic>
                     &lt; 0.001]) populations. These data from our study suggest that semaglutide therapy compared with lifestyle counselling alone is more effective in achieving at least 10% weight loss. This information may be used to inform clinical practice guidelines and stimulate future research on the long‐term effectiveness of various weight loss options for individuals with obesity.
                  </jats:p>"
666096712,Semaglutide use in people with obesity and type 2 diabetes from real‐world utilization data: An analysis of the All of US Program,Craig S. Mayer and Paul Fontelo,2024,"Diabetes, Obesity and Metabolism",10.1111/dom.15911,Excluded,,"<jats:title>Abstract</jats:title>
                  <jats:sec>
                    <jats:title>Aim</jats:title>
                    <jats:p>To analyse data from the All of Us Research Program to evaluate the real‐world application and long‐term effectiveness of semaglutide in treating type 2 diabetes and obesity patients in a large population.</jats:p>
                  </jats:sec>
                  <jats:sec>
                    <jats:title>Materials and Methods</jats:title>
                    <jats:p>We identified patients prescribed semaglutide and analysed differences in route of administration and the time on semaglutide. For individuals diagnosed with obesity, we measured changes in body mass index (BMI) and weight from baseline, while measured changes in HbA1c for those patients with type 2 diabetes. We also examined the occurrence of newly diagnosed common adverse events from taking semaglutide.</jats:p>
                  </jats:sec>
                  <jats:sec>
                    <jats:title>Results</jats:title>
                    <jats:p>
                      For 3739 semaglutide patients, those on injectable semaglutide (3364 patients) averaged 301.54 days on the medication, with 20.36% having no end date, while those on oral semaglutide (435 patients) averaged 172.48 days, with 24.60% having no end date. We found average decreases of 1.54 kg/m
                      <jats:sup>2</jats:sup>
                      in BMI, 4.65 kg in weight and 0.75% in HbA1c for semaglutide users. The decreases were larger in participants taking injectable formulation, probably because of higher starting values. Over time, improvements in these outcomes diminished, but the values remained significantly lower than baseline levels. Approximately only 1.0% of patients reported newly diagnosed common adverse events.
                    </jats:p>
                  </jats:sec>
                  <jats:sec>
                    <jats:title>Conclusions</jats:title>
                    <jats:p>Consistent with clinical trial findings, this real‐world data analysis showed that semaglutide was well tolerated and that, for a large population, it effectively reduced BMI, body weight and HbA1c, albeit to smaller magnitudes than observed in clinical trials. These findings provide valuable insights into real‐world experience and the long‐term effectiveness of semaglutide.</jats:p>
                  </jats:sec>"
666096713,Cost-effectiveness of semaglutide in people with obesity and cardiovascular disease without diabetes,Phil McEwan and Martin Bøg and Mads Faurby and Volker Foos and Ildiko Lingvay and Christopher Lübker and Ryan Miller and Joshua C. Toliver and Florian Yeates and A. Michael Lincoff,2025,Journal of Medical Economics,10.1080/13696998.2025.2459529,Excluded,,"AIMS: The cardioprotective effects of semaglutide 2.4 mg reported in the SELECT cardiovascular (CV) outcomes trial (ClinicalTrials.gov NCT03574597) provide clinical benefit for subjects with overweight or obesity and established CV disease without type 2 diabetes (T2D). We assessed cost-effectiveness of semaglutide 2.4 mg in this population against the American College of Cardiology/American Heart Association value framework. MATERIALS AND METHODS: A cohort-level Markov-state cost-effectiveness model using trial-derived data with outcomes from a healthcare sector perspective measured over a lifetime horizon was developed. Treatment costs were based on US list prices; scenario analyses used literature-reported estimated rebates. Healthcare costs and benefits were discounted at 3.0%. A simulated cohort of 100,000 subjects was aligned to the SELECT trial population baseline characteristics and time-on-treatment. Subjects received either semaglutide 2.4 mg or placebo in addition to standard of care (SoC). Modelled outcomes included clinical events (CV events, progression to T2D, chronic kidney disease [CKD]) and health economic measures, including direct costs and quality-adjusted life years (QALYs). RESULTS: Mean semaglutide 2.4 mg treatment duration was 2.79 years. Per 100,000 subjects, treatment avoided 2,791 non-fatal myocardial infarctions, 3,000 coronary revascularizations, 487 non-fatal strokes, and 115 CV deaths over the modeled lifetime horizon. Average per-subject lifetime treatment costs were $47,353; savings arose from avoided T2D ($14,431), CKD ($2,074), and CV events ($1,512). Semaglutide 2.4 mg was associated with increased lifetime costs ($29,767), additional QALYs gained (0.218) and an incremental cost-effectiveness ratio of $136,271/QALY at list price; a scenario using an empirically estimated 48% rebate predicted $32,219/QALY. LIMITATIONS: The generalizability of observations from SELECT to a broader US population is unknown. Our model does not capture all outcomes nor costs that may be affected by weight loss. Modeling assumptions may present limitations. CONCLUSIONS: Semaglutide 2.4 mg use as in SELECT is cost-effective at list price, using a $150,000/QALY willingness-to-pay threshold."
666096714,Comparing medication persistence with oral and subcutaneous semaglutide in a real-world setting,Matteo Conti and Lorenzo Pontiggia and Michela Vergani and Emanuele Muraca and Rosa Cannistraci and Silvia Perra and Guido Lattuada and Gianluca Perseghin and Stefano Ciardullo,2024,Acta Diabetologica,10.1007/s00592-024-02424-9,Included,,
666096716,Efficacy and Safety of Glucagon-Like Peptide-1 Receptor Agonists for Weight Loss Among Adults Without Diabetes : A Systematic Review of Randomized Controlled Trials,"Moiz A, Filion KB, Toutounchi H, Tsoukas MA, Yu OHY, Peters TM, Eisenberg MJ.",,,10.7326/ANNALS-24-01590,Excluded,,
666096717,Semaglutide vs Tirzepatide for Weight Loss in Adults With Overweight or Obesity,"Rodriguez PJ, Goodwin Cartwright BM, Gratzl S, Brar R, Baker C, Gluckman TJ, Stucky NL.",,,10.1001/jamainternmed.2024.2525,Excluded,,
666096718,Medications for Obesity: A Review,"Gudzune KA, Kushner RF.",,,10.1001/jama.2024.10816,Excluded,wrong study design,
666096719,Emerging pharmacotherapies for obesity: A systematic review,"Kokkorakis M, Chakhtoura M, Rhayem C, Al Rifai J, Ghezzawi M, Valenzuela-Vallejo L, Mantzoros CS.",,,10.1124/pharmrev.123.001045,Excluded,wrong study design,
666096720,The promise of glucagon-like peptide 1 receptor agonists (GLP-1RA) for the treatment of obesity: a look at phase 2 and 3 pipelines,"Madsbad S, Holst JJ.",,,10.1080/13543784.2025.2472408,Excluded,,
666096721,Update on Obesity and Cardiovascular Risk: From Pathophysiology to Clinical Management,"Gallo G, Desideri G, Savoia C.",,,10.3390/nu16162781,Excluded,,
666096722,AGA Clinical Practice Guideline on Pharmacological Interventions for Adults With Obesity,"Grunvald E, Shah R, Hernaez R, Chandar AK, Pickett-Blakely O, Teigen LM, Harindhanavudhi T, Sulta... and AGA Clinical Guidelines Committee.",,,10.1053/j.gastro.2022.08.045,Excluded,,
666096723,Nutrition support whilst on glucagon-like peptide-1 based therapy. Is it necessary?,"Chavez AM, Carrasco Barria R, León-Sanz M.",,,10.1097/MCO.0000000000001130,Excluded,,
666096724,Weight Loss Pharmacotherapy: Current and Future Therapies,"Jordan G, Young S, Alemán JO.",,,10.1016/j.giec.2024.06.006,Excluded,,
666096725,Obesity: a gender-view,"Muscogiuri G, Verde L, Vetrani C, Barrea L, Savastano S, Colao A.",,,10.1007/s40618-023-02196-z,Excluded,,
666096726,GLP-1 receptor agonists for the treatment of obesity: Role as a promising approach,"Wang JY, Wang QW, Yang XY, Yang W, Li DR, Jin JY, Zhang HC, Zhang XF.",,,10.3389/fendo.2023.1085799,Excluded,,
666096727,Weight management treatment in obesity,"Rubio-Herrera MA, Mera-Carreiro S.",,,10.1016/j.medcli.2025.107152,Excluded,,
666096728,Glucagon-like peptide-1 receptor agonists and muscle mass effects,"Ceasovschih A, Asaftei A, Lupo MG, Kotlyarov S, Bartušková H, Balta A, Sorodoc V, Sorodoc L, Bana...",,,10.1016/j.phrs.2025.107927,Excluded,,
666096729,A systematic review and meta-analysis of the efficacy and safety of pharmacological treatments for obesity in adults,"McGowan B, Ciudin A, Baker JL, Busetto L, Dicker D, Frühbeck G, Goossens GH, Monami M, Sbraccia P...",,,10.1038/s41591-025-03978-z,Excluded,wrong study design,
666096730,Therapeutic advances in obesity management: an overview of the therapeutic interventions,"Roomy MA, Hussain K, Behbehani HM, Abu-Farha J, Al-Harris R, Ambi AM, Abdalla MA, Al-Mulla F, Abu...",,,10.3389/fendo.2024.1364503,Excluded,,
666096732,Efficacy and safety of semaglutide 2.4 mg for weight loss in overweight or obese adults without diabetes: An updated systematic review and meta-analysis including the 2-year STEP 5 trial,"Qin W, Yang J, Deng C, Ruan Q, Duan K.",,,10.1111/dom.15386,Excluded,wrong study design,
666096733,"Semaglutide for management of obesity in adolescents: efficacy, safety, and considerations for clinical practice","Bensignor MO, Arslanian S, Vajravelu ME.",,,10.1097/MOP.0000000000001365,Excluded,wrong population,
666096734,The effects of anti-obesity medications on bone metabolism: A critical appraisal,"Anastasilakis AD, Paccou J, Palermo A, Polyzos SA.",,,10.1111/dom.16541,Excluded,,
666096735,"Potent incretin-based therapy for obesity: A systematic review and meta-analysis of the efficacy of semaglutide and tirzepatide on body weight and waist circumference, and safety","Müllertz ALO, Sandsdal RM, Jensen SBK, Torekov SS.",,,10.1111/obr.13717,Excluded,wrong study design,
666096736,"Efficacy and safety of tirzepatide, GLP-1 receptor agonists, and other weight loss drugs in overweight and obesity: a network meta-analysis","Pan XH, Tan B, Chin YH, Lee ECZ, Kong G, Chong B, Kueh M, Khoo CM, Mehta A, Majety P, Grandhi GR,...",,,10.1002/oby.24002,Excluded,wrong study design,
666096737,Efficacy and safety of once-weekly subcutaneous semaglutide on weight loss in patients with overweight or obesity without diabetes mellitus-A systematic review and meta-analysis of randomized controlled trials,"Kommu S, Berg RL.",,,10.1111/obr.13792,Excluded,wrong study design,
666096738,Changes in food preferences and ingestive behaviors after glucagon-like peptide-1 analog treatment: techniques and opportunities,"Bettadapura S, Dowling K, Jablon K, Al-Humadi AW, le Roux CW.",,,10.1038/s41366-024-01500-y,Excluded,,
666096739,Semaglutide for adults living with obesity,"Bracchiglione J, Meza N, Franco JV, Escobar Liquitay CM, Novik A V, Ocara Vargas M, Lazcano G, Po...",,,10.1002/14651858.CD015092.pub2,Excluded,wrong study design,
666096740,Current perspectives on the use of GLP-1 receptor agonists in obesity-related obstructive sleep apnea: a narrative review,"El-Solh AA, Gould E, Aibangbee K, Jimerson T, Hartling R.",,,10.1080/14656566.2024.2437525,Excluded,wrong study design,
666096741,Efficacy and safety of retatrutide for the treatment of obesity: a systematic review of clinical trials,"Misra S, Narayan RK, Kaur M.",,,10.1515/jbcpp-2025-0113,Excluded,wrong study design,
666096742,"The effect of obesity pharmacotherapy on body composition, including muscle mass","Argyrakopoulou G, Gitsi E, Konstantinidou SK, Kokkinos A.",,,10.1038/s41366-024-01533-3,Excluded,,
666096743,Efficacy and Safety of Tirzepatide on Weight Loss in Patients Without Diabetes Mellitus: A Systematic Review and Meta-Analysis of Randomized Controlled Trials,"Kommu S, Sharma PP, Gabor RM.",,,10.1111/obr.13961,Excluded,wrong study design,
666096744,Incretin-Based Therapies and Lifestyle Interventions: The Evolving Role of Registered Dietitian Nutritionists in Obesity Care,"Gigliotti L, Warshaw H, Evert A, Dawkins C, Schwartz J, Susie C, Kushner R, Subramanian S, Handu ...",,,10.1016/j.jand.2024.10.023,Excluded,,
666096745,The efficacy and safety of glucagon-like peptide-1 receptor agonists in non-diabetic adults with overweight/obesity: An umbrella review of systematic reviews and meta-analyses,"Zamanian N, Imani H, Talebi S, Rahimlou M, Khosroshahi RA, Mohammadi H.",,,10.1016/j.ejphar.2025.177966,Excluded,wrong study design,
666096746,Obesity Management: Pharmacotherapy,"Rhodes MA PharmD, BCACP, BC-ADM, Scott AM DO, Nodelman M MD, Shaffer M MD.",,,,Excluded,,
666096747,Use of glucagon-like-peptide 1 receptor agonist in the treatment of childhood obesity,"Kavarian PN, Mosher TL, Abu El Haija M.",,,10.1097/MOP.0000000000001379,Excluded,wrong population,
666096748,Novel oral agents in anti-obesity pharmacotherapy: A narrative review,"Buch A, Eldor R, Brown R, Zonszein J.",,,10.1111/dom.16618,Excluded,wrong study design,
666096749,Glucagon-like peptide-1 receptor analogues and beyond: emerging obesity pharmacotherapies,"Abburi K, Melson E, Miras AD, Papamargaritis D.",,,10.23736/S0031-0808.25.05339-X,Excluded,,
666096750,Incretin hormone agonists: Current and emerging pharmacotherapy for obesity management,"Alhomoud IS, Talasaz AH, Chandrasekaran P, Brown R, Mehta A, Dixon DL.",,,10.1002/phar.4607,Excluded,,
666096751,Current and Future Implications of Weight Loss Drugs on Liver Disease,"Bussetty A, Shah N, Chandler TM, Ghattu M, Kesavarapu K.",,,10.1016/j.cld.2025.06.005,Excluded,,
666096752,[Obesity: novel pharmacological treatments],Seufert J.,,,10.1055/a-2610-3294,Excluded,,
666096753,Pharmacological treatment of non-responders following bariatric surgery,"Vinciguerra F, Romeo LM, Frittitta L, Baratta R.",,,10.23736/S2724-6507.21.03311-3,Excluded,,
666096754,Patient initiation and maintenance of GLP-1 RAs for treatment of obesity,"Patel D, Smith A.",,,10.1080/17512433.2021.1947796,Excluded,,
666096755,The societal implications of using glucagon-like peptide-1 receptor agonists for the treatment of obesity,"Scragg J, Koutoukidis DA, Dirksen C, Heitmann BL, Jebb SA.",,,10.1016/j.medj.2025.100805,Excluded,,
666096756,A New Drug for Obesity: Tirzepatide,"Sidhu JK, Singh S.",,,10.2174/0118715303319530240703111013,Excluded,wrong drug,
666096757,"Fat, muscle, and anti-obesity medications in cardiovascular disease prevention","Khan MS, Dawood MH, Handelsman Y, Anker SD, Stewart Coats AJ, Green JB, Butler J.",,,10.1093/eurheartj/ehag201,Excluded,,
666096758,Impact of Semaglutide Administration on Weight Loss After Bariatric Surgery: A Meta-Analysis,"Jamialahamdi T, Mirhadi E, Almahmeed W, Virani S, Eid AH, Al-Rasadi K, Salehabadi S, Sahebkar A.",,,10.1007/s11695-025-07848-y,Excluded,wrong study design,
666096759,Long-Term Efficacy and Safety of Nutritional and Pharmacological Strategies for Obesity,"Barrea L, Boschetti M, Gangitano E, Guglielmi V, Verde L, Muscogiuri G.",,,10.1007/s13679-024-00602-y,Excluded,wrong study design,
666096760,Clinical Efficacy and Safety of Anti-Obesity Medications Among Adult East Asian People with Obesity: A Systematic Literature Review and Indirect Treatment Comparison,"Yokote K, Ota R, Wada S, Matsuda H, Filomeno R.",,,10.1007/s12325-024-02941-7,Excluded,wrong study design,
666096761,A Review of First-Generation Obesity Medications,"Schmitz SH, Saunders KH.",,,10.1007/s11883-026-01389-0,Excluded,wrong study design,
666096762,Targeting obesity for therapeutic intervention in heart failure patients,"Sato R, von Haehling S.",,,10.1080/14779072.2024.2363395,Excluded,,
666096763,Energy balance and obesity: the emerging role of glucagon like peptide-1 receptor agonists,"Beauregard N, McInnis K, Goldfield GS, Doucet É.",,,10.1097/MCO.0000000000001064,Excluded,,
666096764,Investigational and emerging gastric inhibitory polypeptide (GIP) receptor-based therapies for the treatment of obesity,"Gaffey RH, Takyi AK, Shukla A.",,,10.1080/13543784.2024.2377319,Excluded,,
666096766,Tirzepatide vs. semaglutide: clinical decision-making in the GLP-1 landscape,"Mondoh A, Crotty M, le Roux CW.",,,10.1080/14656566.2025.2601060,Excluded,,
666096767,"Endobariatrics in the era of glucagon-like peptide-1 receptor agonists: evolving roles, evidence, and integration","Vahedi F, Yalamanchi M, Issa D.",,,10.1097/MOG.0000000000001134,Excluded,,
666096768,A real-world study of tirzepatide for weight loss in adults without diabetes mellitus,"Angelopoulos N, Androulakis I, Rizoulis A, Boniakos A, Fousteris E, Mentzelopoulou V, Petkova V, ...",,,10.1038/s41366-025-01986-0,Excluded,wrong drug,
666096769,Weight Loss With GLP-1 Agonists in Nondiabetic Adults: Systematic Review and Network Meta-Analysis,"Lim M, Gokhale P, Akosah A, Villa-Zapata L.",,,10.1002/oby.70169,Excluded,wrong study design,
666096770,Hypothalamic regulation of obesity: Revealing the therapeutic potential of a novel anti-obesity peptide,"Choo YN, Narayanan R, Subramaniyan V.",,,10.1016/j.vph.2025.107553,Excluded,,
666096771,Legal Challenges to Compounding Drugs for Weight Loss,"Combs BE, Howard B.",,,,Excluded,,
666096772,"Cardio-Obesity and Therapeutic Advances: Intersections Between Excess Adiposity, Cardiovascular Risk, and Pharmacologic Interventions","De Oliveira-Gomes D, de Majo AM, Ardila-Delgado A, Inglis SS, Mandras SA, Loro-Ferrer JF, daSilva...",,,10.1007/s11883-026-01395-2,Excluded,,
666096773,Anti-obesity medications in the management of heart failure with preserved ejection fraction: available evidence and next STEPS,Harrington J.,,,10.1007/s10741-024-10410-0,Excluded,,
666096774,GLP-1 Receptor Agonists for Obesity Management in Older Adults: A Scoping Review on the Risk of Sarcopenia and Sarcopenic Obesity,"Simsek H, Ucar A.",,,10.1007/s13668-026-00777-x,Excluded,wrong study design,
666096775,How 'miracle' weight-loss semaglutide promises to change medicine but can we afford the expense?,"Weiskirchen R, Lonardo A.",,,10.1111/bph.70003,Excluded,,
666096776,[The weight-loss injection : An orthopaedic overview],"Al Basri S, Fenske WK.",,,10.1007/s00132-025-04609-8,Excluded,,
666096777,Effect of semaglutide with obesity or overweight individuals without diabetes: an Umbrella review of systematic reviews,"Hu X, Wang Y, Yang K, Li X.",,,10.1007/s12020-025-04179-x,Excluded,wrong study design,
666096778,New drugs for weight loss: Why change in body composition matters and why nutrition and exercise remain paramount,Bosomworth NJ.,,,10.46747/cfp.711112705,Excluded,,
666096779,Fixing the food environment: beyond weight-loss drugs,"Pineda E, Fenner C, Middel CNH.",,,10.1017/S1368980026101839,Excluded,,
666096780,Comparison of weight loss and adverse events of obesity drugs in children and adolescents: a systematic review and meta-analysis,"Zhao G, Zhang Q, Wu F, Yin S, Xie Y, Liu H.",,,10.1080/17512433.2022.2117152,Excluded,wrong population; wrong study design,
666096781,Weight Loss Medications for Adult Patients With Obesity and Binge Eating-A Systematic Review and Meta-analysis,"Violante-Cumpa JR, Rios-Ortega AG, Sánchez-García A, Treviño-Alvarez AM, González-Cruz DC, Manzan...",,,10.1016/j.eprac.2025.11.002,Excluded,wrong study design,
666096782,Efficacy of antiobesity medications for weight reduction in older adults: a systematic review,"Chen AS, Hajduk AM, Grimshaw AA, Fried TR, Jastreboff AM, Lipska KJ.",,,10.1002/oby.24160,Excluded,wrong study design,
666096783,Head-to-head comparison of tirzepatide and semaglutide for weight loss: A systematic review and meta-analysis,"Zufry H, Hariyanto TI.",,,10.1016/j.orcp.2026.02.002,Excluded,wrong study design,
666096784,A systematic review of the economic value proposition for commercially available nonsurgical weight-loss interventions,"Finkelstein EA, Chodavadia PA, Strombotne K.",,,10.1002/oby.23760,Excluded,wrong study design,
666096785,Refining the link between obesity and heart failure: insights from GLP-1 receptor agonist trials and studies adopting direct adiposity measures,"Pugliese NR, Paneni F, Tricò D, Bacca AV, De Biase N, Dalpiaz H, Mengozzi A, Virdis A, Ghiadoni L...",,,10.1186/s12933-025-02778-6,Excluded,,
666096786,The Treatment of Obesity in the Context of the Obesity Paradox in Patients with Heart Failure: A Narrative Review,"Alebna PL, Martey S, Mehta A, Lavie CJ, Carbone S.",,,10.1007/s11886-025-02333-5,Excluded,wrong study design,
666096787,"Efficacy and safety of once-weekly subcutaneous semaglutide 2.4 mg for the management of overweight or obesity in Asian populations: A systematic review, meta-analysis and meta-regression of randomised trials","Zufry H, Hariyanto TI.",,,10.1111/dom.70073,Excluded,wrong study design,
666096788,Comprehensive analysis of real-world data on liraglutide treatment in patients with obesity: a multicenter national study,"Hepşen S, Haymana C, Cavnar Helvacı B, Durantaş H, Toros B, Çakmak R, Güven M, Demirci İ, Keskin ...",,,10.1186/s40001-025-02836-5,Excluded,wrong drug,
666096789,The Antiobesity Effect and Safety of GLP-1 Receptor Agonist in Overweight/Obese Patients Without Diabetes: A Systematic Review and Meta-Analysis,"Guo X, Zhou Z, Lyu X, Xu H, Zhu H, Pan H, Wang L, Yang H, Gong F.",,,10.1055/a-1844-1176,Excluded,wrong study design,
666096790,Emerging Role of Weight-Loss Medications in the Management of Heart Failure: Current Evidence and Future Perspectives,"Maryam, Varghese TP, Tazneem B, Reddy GR.",,,10.1007/s40256-025-00735-y,Excluded,,
666096791,Use of liraglutide after bariatric surgery: a 36-month follow-up in a real-world setting in Chile,Farías MM.,,,10.20945/2359-4292-2023-0234,Excluded,wrong drug,
666096792,The Impact of Novel Medications for Obesity on Weight Stigma and Societal Attitudes: A Narrative Review,Heitmann BL.,,,10.1007/s13679-025-00611-5,Excluded,wrong study design,
666096793,Bariatric Surgery in the Era of GLP1RA: A Narrative Review,"Muhundan M, Dash S.",,,10.1007/s12325-026-03494-7,Excluded,wrong study design,
666096794,Efficacy of Weight-Lowering Agents on Fat Distribution: A Systematic Review and Network Meta-Analysis of Randomized Controlled Trials,"Qiao X, Wang W, Cao J, Guo L, Pan Q.",,,10.1111/obr.70100,Excluded,wrong study design,
666096795,Super response to liraglutide in people with obesity: A case report and literature review,"Gutiérrez Medina S, Sánchez Campayo E, Guadalix S, Escalada J.",,,10.1016/j.endien.2024.11.012,Excluded,wrong study design,
666096796,"Orforglipron and the emergence of oral GLP-1 therapy for obesity: efficacy, safety, and clinical positioning","Zaman W, Amin A.",,,10.1080/14656566.2026.2676109,Excluded,,
666096797,Mental health changes after 4 months of weight loss treatment with the glucagon-like peptide-1 analogue liraglutide 3.0 mg,"Kuckuck S, van Gerwen N, Oosterman JE, Savas M, Kavousi M, Penninx BWJH, Boon MR, van Rossum EFC.",,,10.1111/dom.70393,Excluded,,
666096798,Efficacy and safety of semaglutide in non-diabetic adults with overweight or obesity: A meta-analysis of randomized controlled trials,"Zhang S, Niu S, An S, Cai X, Lao X.",,,10.1016/j.ejphar.2026.178587,Excluded,wrong study design,
666096799,Current clinical application of incretin therapy for obesity management,"Skinner K, Clements J.",,,10.1139/cjpp-2025-0152,Excluded,,
666096800,The Integration of Lifestyle Modification Advice and Diet and Physical Exercise Interventions: Cornerstones in the Management of Obesity with Incretin Mimetics,"Minnetti M, Barazzoni R, Batsis JA, Busetto L, Yumuk V, Poggiogalle E, Weijs PJM, Donini LM.",,,10.1159/000548370,Excluded,,
666096801,"Efficacy and Safety of Cagrilintide and Cagrisema Versus Semaglutide as Anti-Obesity Medications: A Systematic Review, Meta-Analysis and Meta-Regression","Ahmed M, Hassan M, Tahir M, Hussain M, Islam F, Khan GT, Ahsan M, Bin Shafiq S, Ibrahim A, Uddin ...",,,10.1111/dom.70667,Excluded,wrong study design,
666096802,Association of long-term weight management pharmacotherapy with multiple health outcomes: an umbrella review and evidence map,"Lu TT, Liu B, Ge L, Liu YL, Lu Y.",,,10.1038/s41366-025-01719-3,Excluded,wrong study design,
666096803,Liraglutide in the management of obesity: real world data (Portugal),"Tavares Bello C, Redondo Carvalho I, Martins A, Martins AF, Wessling A, Macedo D, Martins D, Fern...",,,10.23736/S2724-6507.24.04161-7,Excluded,wrong drug,
666096804,Effectiveness and adherence in a tirzepatide-supported digital weight-loss programme in Australia: A real-world observational study,"Talay L, Hom J, Scott T, Ahuja N.",,,10.1111/dom.70462,Excluded,wrong drug,
666096805,[Obesity as a chronic disease: the key role of new therapies],Nicolucci A.,,,10.1702/4616.46253,Excluded,,
666096806,Joint TOS/OMA/OAC Expert Guidance Statement on the Pharmacological Management of United States Adults With Overweight or Obesity Using the GRADE Approach,"Alexander L, Purnell JQ, Burridge K, Cornier MA, Golden A, Horn DB, Look M, Nadglowski J, Ávila-O...",,,10.1002/oby.70164,Excluded,,
666096807,Long-term effects of weight-reducing drugs in people with hypertension,"Spary-Kainz U, Posch N, Radl-Karimi C, Jeitler K, Krenn C, Siebenhofer A, Berghold A, Horvath K, ...",,,10.1002/14651858.CD007654.pub6,Excluded,,
666096808,Single vs. Dual Agonist Pharmacotherapy for Managing Insufficient Weight Loss and Weight Regain Following Metabolic and Bariatric Surgery: A Comparative Review,"Reytor-González C, Campuzano-Donoso M, Sarno G, Montalvan M, Horowitz R, Rossetti G, Pilone V, Ba...",,,10.3390/nu18040553,Excluded,wrong study design,
666096809,Is liraglutide safe and effective in the elderly obese patients?: A single center experience,"Oral A, Küçük C, Kayalar Y.",,,10.1097/MD.0000000000042155,Excluded,wrong drug,
666096810,Comparison of pharmacotherapies for obesity with sleeve gastrectomy: a network meta-analysis and systematic review,"Omeh Z, Khan T, Uthman O, Barber TM.",,,10.1080/17446651.2026.2656247,Excluded,wrong study design,
666096811,American Society for Metabolic and Bariatric Surgery statement on the treatment options for patients with non-response and weight recurrence after metabolic and bariatric surgery,"Vosburg RW, Carter J, Azagury D, Nimeri A, Northup CJ, Eisenberg D, Rogers AM, Papasavas P.",,,10.1016/j.soard.2026.04.002,Excluded,,
666096812,[Peptide hormone analogue-based pharmacotherapy for obesity is effective : What is the evidence on hard end points and the long-term course?],"Hussain M, Miras AD.",,,10.1007/s00104-025-02402-z,Excluded,,
666096813,"Six-Month Real-World Effectiveness, Persistence and Safety of Low-to-Moderate Dose Tirzepatide in Adults With Obesity: A Multicentre Observational Study","Angelopoulos N, Zianni D, Livadas S, Androulakis I, Fousteris E, Paparodis R, Petkova V, Florakis...",,,10.1111/dom.70810,Excluded,,
666096814,"Semaglutide in patients with kidney failure and obesity undergoing dialysis and wishing to be transplanted: A prospective, observational, open‐label study",Lenka Vanek and Amelie Kurnikowski and Simon Krenn and Sebastian Mussnig and Manfred Hecking,2024,"Diabetes, Obesity and Metabolism",10.1111/dom.15967,Included,,"<jats:title>Abstract</jats:title>
                  <jats:sec>
                    <jats:title>Aims</jats:title>
                    <jats:p>Chronic kidney disease (CKD) and obesity are major global health challenges, eventually leading to kidney replacement therapy (KRT), but body mass index (BMI) thresholds hinder kidney transplantation. Glucagon‐like peptide‐1 receptor agonists induce weight loss, thereby offering attractive treatment options; however, their safety and efficacy have not been systematically investigated in patients undergoing dialysis.</jats:p>
                  </jats:sec>
                  <jats:sec>
                    <jats:title>Materials and Methods</jats:title>
                    <jats:p>
                      We conducted a prospective 12‐week, open‐label trial with 13 patients who had a BMI ≥ 30.00 kg/m
                      <jats:sup>2</jats:sup>
                      , were undergoing dialysis (12 haemodialysis and 1 peritoneal dialysis) and had not been listed for transplantation due to their weight. Semaglutide was administered once weekly subcutaneously, and the dose was increased from 0.25 mg to 0.5 mg and then to 1 mg. Study endpoints included change in body weight and BMI (primary – statistically evaluated by repeated measures analysis of variance [ANOVA]), side effects, adverse events, blood parameters and patient‐reported outcomes (secondary).
                    </jats:p>
                  </jats:sec>
                  <jats:sec>
                    <jats:title>Results</jats:title>
                    <jats:p>
                      At baseline, the mean age ± standard deviation of patients was 64.0 ± 6.4 years, the mean weight was 113.9 ± 16.6 kg, and the mean BMI was 37.3 ± 3.9 kg/m
                      <jats:sup>2</jats:sup>
                      . At week 12, average weight reduction under semaglutide treatment was 4.6 ± 2.4 kg and ranged from 2.0 to 9.7 kg (
                      <jats:italic>p</jats:italic>
                       &lt; 0.001 for weight and BMI reduction across the study period). One patient discontinued treatment due to nausea/vomiting, two patients died of unrelated causes and six patients reported side effects. Approximately 9 months after the treatment started, three patients were able to seriously reconsider being listed for transplantation.
                    </jats:p>
                  </jats:sec>
                  <jats:sec>
                    <jats:title>Conclusions</jats:title>
                    <jats:p>Semaglutide treatment resulted in significant reduction in weight and BMI in patients with obesity undergoing dialysis, while maintaining an acceptable side effect profile comparable to that of the non‐dialysis population.</jats:p>
                  </jats:sec>"
666096815,Does Semaglutide Use Decrease Complications and Costs Following Total Knee Arthroplasty?,Matthew L. Magruder and Vincent J.H. Yao and Ariel N. Rodriguez and Mitchell K. Ng and Victor Sasson and Orry Erez,2023,The Journal of Arthroplasty,10.1016/j.arth.2023.05.071,Excluded,,
666096816,"Real‐world titration, persistence &amp; weight loss of semaglutide and tirzepatide in an academic obesity clinic",Jason M. Samuels and Fei Ye and Rebecca Irlmeier and Heidi Silver and Gitanjali Srivastava and Matthew Spann,2025,"Diabetes, Obesity and Metabolism",10.1111/dom.70004,Included,,"<jats:title>Abstract</jats:title>
                  <jats:sec>
                    <jats:title>Aims</jats:title>
                    <jats:p>Trials of the Glucagon‐like Peptide‐1 Receptor Agonists (GLP1RAs) found mean weight losses of 15%–21%, yet realworld dose titration and persistence remain suboptimal, limiting effectiveness. This study aims to determine real‐world titration, persistence and effectiveness of GLP1RAs in patients managed within a multidisciplinary obesity clinic.</jats:p>
                  </jats:sec>
                  <jats:sec>
                    <jats:title>Materials and Methods</jats:title>
                    <jats:p>This is a singlecentre, retrospective cohort study of patients seen in a multidisciplinary obesity clinic at an academic medical centre from January 2022 to December 2024. Consecutive patients aged 18–75 years enrolled in a ‘no cost to patient’ Medical Weight Loss Bundle program who received ≥1 prescription fill of semaglutide or tirzepatide. Of 2855 enrollees, 2306 (81%) received at least one GLP1RA prescription. The primary outcome was persistence with GLP1RA therapy (continuous prescription fills without a gap ≥84 days). Secondary measures included titration adherence and percentage change in body weight.</jats:p>
                  </jats:sec>
                  <jats:sec>
                    <jats:title>Results</jats:title>
                    <jats:p>Among 2306 patients (median age 46.0 years, Interquartile Ratio [IQR] 38.0–55.0; 85% female; 68% White, 28% Black, 4% Hispanic), with median persistence 10.7 months (IQR 5.4–16.3). Semaglutide was used by 1614 (70%), tirzepatide by 117 (5%), and both agents by 575 (25%). Of semaglutide users, 81% escalated to ≥1 mg and 23% to 2.4 mg; of tirzepatide users, 75% received ≥10 mg and 28% received 15 mg. Among patients persistent for ≥6 months, median weight loss was 9.4% (IQR 6.0%–13.4%); for those persistent for ≥12 months, median weight loss was 14.4% (IQR 9.5%–20.5%).</jats:p>
                  </jats:sec>
                  <jats:sec>
                    <jats:title>Conclusions</jats:title>
                    <jats:p>GLP1RA persistence and dosetitration adherence were moderate but weight loss approximated that seen in clinical trials, supporting real‐world effectiveness.</jats:p>
                  </jats:sec>"
666096817,"Survey among adult users of semaglutide for weight loss in Denmark: User characteristics, treatment expectations and experienced effects",Malene Svoldgaard Sørensen and Anton Pottegård and Nanna Elman Andersen and Reimar W. Thomsen and Carina Lundby,2025,"Diabetes, Obesity and Metabolism",10.1111/dom.16222,Included,,"<jats:title>Abstract</jats:title>
                  <jats:sec>
                    <jats:title>Aims</jats:title>
                    <jats:p>Since the launch of semaglutide for weight loss (Wegovy®, SEMA‐WL) in late 2022, there has been a huge increase in new users of SEMA‐WL. We explored characteristics, treatment expectations and experienced effectiveness and side effects among Danish adults using SEMA‐WL.</jats:p>
                  </jats:sec>
                  <jats:sec>
                    <jats:title>Materials and Methods</jats:title>
                    <jats:p>A questionnaire‐based survey was conducted from September to December 2023 across 29 Danish community pharmacies. During a 10‐day period, pharmacies invited consecutive individuals aged ≥18 years redeeming a prescription on SEMA‐WL to complete an electronic questionnaire.</jats:p>
                  </jats:sec>
                  <jats:sec>
                    <jats:title>Results</jats:title>
                    <jats:p>
                      A total of 1013 individuals were invited to study participation of which 55% (
                      <jats:italic>n</jats:italic>
                       = 559) accepted. Users of SEMA‐WL were primarily female (78%,
                      <jats:italic>n</jats:italic>
                       = 434) and middle‐aged adults (36–65 years; 76%,
                      <jats:italic>n</jats:italic>
                       = 423), with a median body mass index of 36 (interquartile range [IQR] 32–40) at treatment initiation. Two in three users had personally asked their general practitioner to initiate treatment (70%,
                      <jats:italic>n</jats:italic>
                       = 393). Four in ten users had not discussed expected treatment duration with their general practitioner (42%,
                      <jats:italic>n</jats:italic>
                       = 237), almost half (46%,
                      <jats:italic>n</jats:italic>
                       = 258) expected treatment for a limited time period, while only 11% (
                      <jats:italic>n</jats:italic>
                       = 64) expected lifelong treatment. Self‐reported median weight loss was 5.3% (IQR 3.2–8.5) for users treated for &lt;3 months, 10% (IQR 8.2–14) for 3–5 months of treatment and 17% (IQR 13–21) for those treated for &gt;5 months. More than half of users (59%,
                      <jats:italic>n</jats:italic>
                       = 330) had experienced side effects, most commonly nausea (35%,
                      <jats:italic>n</jats:italic>
                       = 193) and constipation (29%,
                      <jats:italic>n</jats:italic>
                       = 160).
                    </jats:p>
                  </jats:sec>
                  <jats:sec>
                    <jats:title>Conclusions</jats:title>
                    <jats:p>This study provides valuable insights into the characteristics, treatment expectations and effects experienced by Danish adult users of SEMA‐WL.</jats:p>
                  </jats:sec>"
666096818,"Treat to target in weight management with semaglutide: Real‐world evidence from an
                    <scp>eHealth</scp>
                    clinic",Søren Seier and Kine Stamp‐Larsen and Simon Birk Kjær Jensen and Signe Sørensen Torekov and Henrik Gudbergsen,2025,"Diabetes, Obesity and Metabolism",10.1111/dom.70096,Included,,"<jats:title>Abstract</jats:title>
                  <jats:sec>
                    <jats:title>Aims</jats:title>
                    <jats:p>To evaluate the effectiveness of an online multidisciplinary weight loss service combining individualised semaglutide dosing with intensive behavioural therapy (IBT) in adults living with overweight or obesity.</jats:p>
                  </jats:sec>
                  <jats:sec>
                    <jats:title>Materials and methods</jats:title>
                    <jats:p>This retrospective cohort study included data from Danish participants enrolled in a digital weight loss programme via the Embla app between January 2022 and September 2024. The programme offered semaglutide with personalised dosing alongside evidence‐based recommendations on nutrition, exercise and habits, delivered through IBT. All data collection and monitoring was conducted via the Embla app. The primary outcome was percentage change in body weight at week 64. Secondary outcomes included semaglutide dose, proportions achieving ≥5%, ≥10%, ≥15%, or ≥20% weight loss, and weight change by baseline BMI and dose.</jats:p>
                  </jats:sec>
                  <jats:sec>
                    <jats:title>Results</jats:title>
                    <jats:p>The study included 2694 participants (78% women, mean age 46.8 ± 10.8 years, mean BMI 34.3 ± 4.8). At weeks 26, 52, and 64, the number of participants that remained in the study was: 1580, 712, and 465. Mean weight loss at week 64 was 16.7% (95% CI: −17.4 to −16.0) with a mean semaglutide dose of 1.08 mg/week (SD 0.54). A total of 98% achieved ≥5% and 82% achieved ≥10% weight loss. Weight change was consistent across BMI classes and medication doses.</jats:p>
                  </jats:sec>
                  <jats:sec>
                    <jats:title>Conclusions</jats:title>
                    <jats:p>Participants achieved clinically meaningful weight loss comparable to that seen in randomised trials, despite using lower semaglutide doses. These findings support the effectiveness of a personalised, treat‐to‐target approach integrating medical and behavioural obesity management in a digital setting.</jats:p>
                  </jats:sec>
                  <jats:sec>
                    <jats:title>Trial registration</jats:title>
                    <jats:p>
                      <jats:ext-link xmlns:xlink=""http://www.w3.org/1999/xlink"" xlink:href=""https://osf.io/86kmc/"">https://osf.io/86kmc/</jats:ext-link>
                    </jats:p>
                  </jats:sec>"
666096819,Effects of Once-Weekly Semaglutide on Cardiovascular Risk Factors and Metabolic Dysfunction-Associated Steatotic Liver Disease in Japanese Patients with Type 2 Diabetes: A Retrospective Longitudinal Study Based on Real-World Data,Hisayuki Katsuyama and Mariko Hakoshima and Emika Kaji and Masaaki Mino and Eiji Kakazu and Sakura Iida and Hiroki Adachi and Tatsuya Kanto and Hidekatsu Yanai,2024,Biomedicines,10.3390/biomedicines12051001,Excluded,wrong population,"<jats:p>Once-weekly semaglutide is a widely used glucagon-like peptide-1 receptor agonist (GLP-1RA) used for the treatment of type 2 diabetes (T2D). In clinical trials, semaglutide improved glycemic control and obesity, and reduced major cardiovascular events. However, the reports are limited on its real-world efficacy relating to various metabolic factors such as dyslipidemia or metabolic dysfunction-associated steatotic liver disease (MASLD) in Asian patients with T2D. In our retrospective longitudinal study, we selected patients with T2D who were given once-weekly semaglutide and compared metabolic parameters before and after the start of semaglutide. Seventy-five patients were eligible. HbA1c decreased significantly, by 0.7–0.9%, and body weight by 1.4–1.7 kg during the semaglutide treatment. Non-HDL cholesterol decreased significantly at 3, 6 and 12 months after the initiation of semaglutide; LDL cholesterol decreased at 3 and 6 months; and HDL cholesterol increased at 12 months. The effects on body weight, HbA1c and lipid profile were pronounced in patients who were given semaglutide as a first GLP-1RA (GLP-1R naïve), whereas improvements in HbA1c were also observed in patients who were given semaglutide after being switched from other GLP-1RAs. During a 12-month semaglutide treatment, the hepatic steatosis index (HSI) tended to decrease. Moreover, a significant decrease in the AST-to-platelet ratio index (APRI) was observed in GLP-1RA naïve patients. Our real-world study confirmed the beneficial effects of once-weekly semaglutide, namely, improved body weight, glycemic control and atherogenic lipid profile. The beneficial effects on MASLD were also suggested.</jats:p>"
666096820,Efficacy and Safety of GLP-1 Agonists on Metabolic Parameters in Non-diabetic Patients with Inflammatory Bowel Disease,Joëlle St-Pierre and Jeremy Klein and Natalie K. Choi and Evan Fear and Silvana Pannain and David T. Rubin,2024,Digestive Diseases and Sciences,10.1007/s10620-024-08720-2,Included,,
666096821,"Cardiovascular and kidney outcomes of
                    <scp>GLP</scp>
                    ‐1 receptor agonists in adults with obesity: A target trial emulation study",Huilin Tang and Yiwen Lu and Bingyu Zhang and Ting Zhou and Dazheng Zhang and Jiajie Chen and Yong Chen and David A. Asch and Yong Chen,2025,"Diabetes, Obesity and Metabolism",10.1111/dom.70054,Included,,"<jats:title>Abstract</jats:title>
                  <jats:sec>
                    <jats:title>Aims</jats:title>
                    <jats:p>
                      Glucagon‐like peptide‐1 receptor agonists (
                      <jats:styled-content style=""fixed-case"">GLP</jats:styled-content>
                      ‐
                      <jats:styled-content style=""fixed-case"">1RAs</jats:styled-content>
                      ) provide cardiovascular and renal benefits in type 2 diabetes, but their real‐world effects in individuals with obesity without diabetes are unclear. This study aimed to evaluate the cardiovascular and kidney outcomes of
                      <jats:styled-content style=""fixed-case"">GLP</jats:styled-content>
                      ‐
                      <jats:styled-content style=""fixed-case"">1RAs</jats:styled-content>
                      versus other anti‐obesity medications (
                      <jats:styled-content style=""fixed-case"">AOMs</jats:styled-content>
                      ) in adults with obesity.
                    </jats:p>
                  </jats:sec>
                  <jats:sec>
                    <jats:title>Materials and Methods</jats:title>
                    <jats:p>
                      This target trial emulation used
                      <jats:styled-content style=""fixed-case"">TriNetX</jats:styled-content>
                      electronic health records (July 2021–May 2025) to identify adults with obesity and no diabetes history who initiated
                      <jats:styled-content style=""fixed-case"">GLP</jats:styled-content>
                      ‐
                      <jats:styled-content style=""fixed-case"">1RAs</jats:styled-content>
                      (liraglutide, semaglutide, or tirzepatide) or other
                      <jats:styled-content style=""fixed-case"">AOMs</jats:styled-content>
                      . Outcomes included major adverse cardiovascular events (
                      <jats:styled-content style=""fixed-case"">MACE</jats:styled-content>
                      ), major adverse kidney events (
                      <jats:styled-content style=""fixed-case"">MAKE</jats:styled-content>
                      ), all‐cause mortality, mental health conditions, and safety outcomes. Propensity score matching (1:1) balanced baseline characteristics; Cox models estimated hazard ratios (
                      <jats:styled-content style=""fixed-case"">HRs</jats:styled-content>
                      ) with 95% confidence intervals (
                      <jats:styled-content style=""fixed-case"">CIs</jats:styled-content>
                      ).
                    </jats:p>
                  </jats:sec>
                  <jats:sec>
                    <jats:title>Results</jats:title>
                    <jats:p>
                      The study included 140 169 matched pairs of
                      <jats:styled-content style=""fixed-case"">GLP</jats:styled-content>
                      ‐
                      <jats:styled-content style=""fixed-case"">1RA</jats:styled-content>
                      and
                      <jats:styled-content style=""fixed-case"">AOM</jats:styled-content>
                      initiators. Mean follow‐up was 392 days for
                      <jats:styled-content style=""fixed-case"">GLP</jats:styled-content>
                      ‐
                      <jats:styled-content style=""fixed-case"">1RA</jats:styled-content>
                      users and 564 days for
                      <jats:styled-content style=""fixed-case"">AOM</jats:styled-content>
                      users. Compared to
                      <jats:styled-content style=""fixed-case"">AOMs</jats:styled-content>
                      ,
                      <jats:styled-content style=""fixed-case"">GLP</jats:styled-content>
                      ‐
                      <jats:styled-content style=""fixed-case"">1RA</jats:styled-content>
                      use was associated with lower risks of
                      <jats:styled-content style=""fixed-case"">MACE</jats:styled-content>
                      (
                      <jats:styled-content style=""fixed-case"">HR</jats:styled-content>
                      , 0.76; 95%
                      <jats:styled-content style=""fixed-case"">CI</jats:styled-content>
                      , 0.72–0.81),
                      <jats:styled-content style=""fixed-case"">MAKE</jats:styled-content>
                      (
                      <jats:styled-content style=""fixed-case"">HR</jats:styled-content>
                      , 0.64; 95%
                      <jats:styled-content style=""fixed-case"">CI</jats:styled-content>
                      , 0.55–0.74), and all‐cause mortality (
                      <jats:styled-content style=""fixed-case"">HR</jats:styled-content>
                      , 0.49; 95%
                      <jats:styled-content style=""fixed-case"">CI</jats:styled-content>
                      , 0.42–0.57). Mental health outcomes also improved, with reduced risks of depression (
                      <jats:styled-content style=""fixed-case"">HR</jats:styled-content>
                      , 0.63), suicidal ideation/attempt (
                      <jats:styled-content style=""fixed-case"">HR</jats:styled-content>
                      , 0.42), and substance use disorder (
                      <jats:styled-content style=""fixed-case"">HR</jats:styled-content>
                      , 0.58).
                      <jats:styled-content style=""fixed-case"">GLP</jats:styled-content>
                      ‐
                      <jats:styled-content style=""fixed-case"">1RAs</jats:styled-content>
                      were not associated with increased risks of acute pancreatitis (
                      <jats:styled-content style=""fixed-case"">HR</jats:styled-content>
                      , 1.17), hypoglycemia (
                      <jats:styled-content style=""fixed-case"">HR</jats:styled-content>
                      , 1.08), or gastrointestinal symptoms (
                      <jats:styled-content style=""fixed-case"">HR</jats:styled-content>
                      , 0.99).
                    </jats:p>
                  </jats:sec>
                  <jats:sec>
                    <jats:title>Conclusions</jats:title>
                    <jats:p>
                      Among adults with obesity but without diabetes,
                      <jats:styled-content style=""fixed-case"">GLP</jats:styled-content>
                      ‐
                      <jats:styled-content style=""fixed-case"">1RA</jats:styled-content>
                      use was associated with reduced cardiovascular, kidney, mortality, and mental health risks compared to other
                      <jats:styled-content style=""fixed-case"">AOMs</jats:styled-content>
                      .
                    </jats:p>
                  </jats:sec>"
666096822,Effects of Semaglutide and Tirzepatide on Recurrent Weight Gain After Bariatric Surgery: A Systematic Review and Meta-analysis,Angel Alois Osorio Manyari and Azucena Lirio Armas Alvarez and Joel Davis Osorio Manyari and Francisco Onieva Gonzalez and Sjaak Pouwels,2025,Obesity Surgery,10.1007/s11695-025-08414-2,Excluded,wrong study design,
666096823,Efficacy of 12 months therapy with glucagon-like peptide-1 receptor agonists liraglutide and semaglutide on weight regain after bariatric surgery: a real-world retrospective observational study,Anders Boisen Jensen and Ursina Machado and Frida Renström and Stefan Aczél and Patrick Folie and Magdalena Biraima-Steinemann and Stefan Bilz,2025,BMC Endocrine Disorders,10.1186/s12902-025-01913-4,Excluded,wrong population,"The role of glucagon-like peptide-1 receptor agonists (GLP1-RAs) in patients with weight regain after bariatric surgery remains unclear. The objective of this study was to determine the efficacy and safety of 12 months of GLP1-RA treatment in a real-world patient population with weight regain after bariatric surgery. A single-centre retrospective observational study. Patients with post-bariatric weight regain subsequently treated with GLP1-RA were identified, and the effect on weight after 12 months of treatment was determined. Data are presented as medians (interquartile ranges) or frequencies (%), and Wilcoxon signed-rank tests and Mann-Whitney U tests were used for paired and nonpaired group comparisons, respectively. Forty patients (80% female) were included in the analysis. Liraglutide (3.0 mg, daily subcutaneous injection, n = 22) or semaglutide (1.0 mg, weekly subcutaneous injection, n = 18) was started 74.5 (51.0, 108.3) months after surgery following a weight regain of 14.7 (10.3, 19.6)%. After 12 months of GLP1-RA treatment, a total body weight, BMI, and percentage excess body weight reduction of 10.5 (6.1, 14.7) kg, 3.7 (2.5, 5.3) kg/m 2 , and 41.7 (22.1, 70.5)% were observed, corresponding to a loss of 99.3 (61.0, 135.4)% of the weight regained ( P -value < 0.0001). The observed reduction in BMI was significantly lower with liraglutide than with semaglutide, 3.1 (2.0, 4.7) vs. 4.7 (3.7, 6.0) kg/m 2 ( P -value = 0.04). Adverse events were reported in 13 (32.5%) patients, all of which were mild and transient. GLP1-RA therapy with liraglutide or semaglutide for 12 months is efficacious and safe for the treatment of weight regain following bariatric surgery. Not applicable."
666096824,Evaluation of Clinical and Quality of Life Effects of Oral Semaglutide Use in Type 2 Diabetes from a Public Health View: A Prospective Study in Italy,Paola Pantanetti and Vanessa Ronconi and Stefano Mancin and Cristina De Carolis and Sara Alberti and Orietta Pazzi and Sandra Di Marco and Grazia Michetti and Silvia Coacci and Veronica Mignini and Franco Gregorio and Giulia Baldoni and Sara Toderi and Sara Morales Palomares and Fabio Petrelli and Gabriele Caggianelli and Mauro Parozzi and Giovanni Cangelosi,2025,Diabetology,10.3390/diabetology6080080,Excluded,wrong drug,"<jats:p>Background and Aim: Type 2 diabetes (T2D) continues to pose a significant public health challenge worldwide. Among therapeutic options, glucagon-like peptide-1 receptor agonists (GLP-1 RAs) have proven effective in optimizing glycemic control and improving cardiometabolic profiles. Semaglutide, now available in an oral formulation, represents a modern strategy to improve patient adherence while supporting glucose and weight regulation. This study primarily investigated the effects of oral semaglutide on key metabolic indicators and secondary endpoints included cardiovascular risk markers (blood pressure and lipid profile) and patient-reported quality of life (QoL). Study Design and Methods: A longitudinal, prospective observational study was conducted involving patients with T2D across two Italian healthcare facilities. Participants were assessed at baseline (T0) and at three subsequent intervals—6 months (T1), 12 months (T2), and 18 months (T3)—following the initiation of oral semaglutide use. Key Findings: Out of 116 participants enrolled, 97 had complete and analyzable data. Across the 18-month follow-up, significant improvements were observed in glycemic parameters, with a notable reduction in HbA1c levels (T0 vs. T3, p = 0.0028; p ≤ 0.05, statistically significant). Self-reported outcomes showed enhanced quality of life, especially in treatment satisfaction and perceived flexibility (T0 vs. T3, p &lt; 0.001). Conclusions: Daily administration of 14 mg oral semaglutide in individuals with T2D resulted in substantial benefits in glycemic regulation, weight reduction, cardiovascular risk management, and overall patient satisfaction. These findings reinforce its potential role as a sustainable and effective option in long-term diabetes care from both a clinical and public health perspective.</jats:p>"
666096825,Exploring beyond numeric weight loss: The metabolic effects of semaglutide,Sara Sokary and Hiba Bawadi,2025,Clinical Nutrition ESPEN,10.1016/j.clnesp.2025.03.010,Excluded,,"The global burden of overweight and obesity has increased by threefold since the 1970s, which led to increased incidences of cardiovascular disease and type 2 diabetes. This review aimed to explore the metabolic impacts of semaglutide, including its effects on hunger and satiety, weight loss maintenance and regain, body composition, lipid profile, and glycemic control. Studies have shown that semaglutide reduced fat mass, particularly visceral fat, while preserving lean muscle mass, as the proportion relative to total body mass decreased by 3.5 % and 2.0 % for total and visceral fat mass, respectively, while it increased by 3.0 % for lean body mass. Also, it enhanced glycemic control, as evidenced by significant reductions in hemoglobin A1C (HbA1c) with the 0.5 mg and 1.0 mg doses. From a baseline range of 8.1-8.7 %, 0.5 mg dose lowered HbA1c by 1.2-1.5 %, while the 1.0 mg dose reduced it by 1.4-1.8 %. Furthermore, semaglutide was the only effective Glucagon Like Peptide-1 Receptor Agonist in reducing Low-Density Lipoprotein and total cholesterol levels, with mean differences of -0.16 mmol/L and -0.48 mmol/L, respectively. Evidence shows that withdrawing semaglutide led to weight regain, while continued treatment resulted in further weight loss. Semaglutide also slowed weight regain and promoted weight loss after failed bariatric surgery. It also significantly reduced ad libitum energy intake, decreased hunger, and increased satiety in multiple trials. Overall, these findings underscore the potential of semaglutide as a comprehensive treatment for obesity and type 2 diabetes."
666096826,Efficacy and safety of semaglutide: real-world tertiary care experience from Saudi Arabia,Muhammad Imran Butt and Khalid Mania Alkhalifah and Muhammad Riazuddin and Saud Mohammed Almuammar and Salman Mohammed Almuammar and Ghayda Abdulkader Alhifthi and Fahad Wali Ahmed and Samia Mohamed Al Hashim and Najeeb Waheed,2024,Annals of Saudi Medicine,10.5144/0256-4947.2024.361,Included,,"<jats:sec>
            <jats:title>BACKGROUND:</jats:title>
            <jats:p>Semaglutide, a glucagon-like peptide-1, is an effective antidiabetic drug promoting weight loss and providing cardiovascular protection. The original trials did not include participants from Saudi Arabia; hence, the study's findings are expected to be useful.</jats:p>
          </jats:sec>
          <jats:sec>
            <jats:title>OBJECTIVES:</jats:title>
            <jats:p>Explore the efficacy, safety, and favorable effects of once-weekly subcutaneous semaglutide (1 mg) in patients with type 2 diabetes and those who received it as an off-license prescription without having diabetes.</jats:p>
          </jats:sec>
          <jats:sec>
            <jats:title>DESIGN:</jats:title>
            <jats:p>Retrospective review of medical records.</jats:p>
          </jats:sec>
          <jats:sec>
            <jats:title>SETTING:</jats:title>
            <jats:p>Department of medicine at our institution.</jats:p>
          </jats:sec>
          <jats:sec>
            <jats:title>PATIENTS AND METHODS:</jats:title>
            <jats:p>This retrospective observational study evaluated patients receiving the glucagon-like peptide-1 analog semaglutide, with the trade name Ozempic. The weight, height, body mass index, blood pressure, and laboratory data, including serum creatinine and hemoglobin A1c (HbA1c) levels and urine albumin/creatinine ratio, were recorded. Moreover, any history of medical comorbidities, such as cardiovascular diseases, cerebrovascular diseases, and heart failure, was documented before and after drug administration.</jats:p>
          </jats:sec>
          <jats:sec>
            <jats:title>MAIN OUTCOME MEASURES:</jats:title>
            <jats:p>Glycemic and weight loss efficacy</jats:p>
          </jats:sec>
          <jats:sec>
            <jats:title>SAMPLE SIZE:</jats:title>
            <jats:p>1007 patients</jats:p>
          </jats:sec>
          <jats:sec>
            <jats:title>RESULTS:</jats:title>
            <jats:p>The median age of the patients was 57.0 years, comprising 60.28% females. Among them, 955 and 442 patients received the medication for at least 3 and 6 months, respectively. Our results show a 4.4% weight loss and 0.4% improvement in HBA1c in patients with diabetes. Similar results were observed in the patients without diabetes in terms of weight along with a significant decrease in diastolic blood pressure. Our results also show stability in the serum creatinine and urine albumin creatinine ratio. The drug was equally effective in males and females.</jats:p>
          </jats:sec>
          <jats:sec>
            <jats:title>CONCLUSION:</jats:title>
            <jats:p>Treatment with once-weekly subcutaneous semaglutide (1 mg) led to clinically significant weight loss and improved HbA1c level and cardiometabolic risk factors such as blood pressure.</jats:p>
          </jats:sec>
          <jats:sec>
            <jats:title>LIMITATIONS:</jats:title>
            <jats:p>Retrospective design.</jats:p>
          </jats:sec>"
666096827,Glucagon-like peptide-1 receptor agonists as a disease-modifying therapy for knee osteoarthritis mediated by weight loss: findings from the Shanghai Osteoarthritis Cohort,Hongyi Zhu and Lenian Zhou and Qiuke Wang and Qianying Cai and Fan Yang and Hanqiang Jin and Yiwei Chen and Yanyan Song and Changqing Zhang,2023,Annals of the Rheumatic Diseases,10.1136/ard-2023-223845,Included,,"OBJECTIVE: Obesity is a risk factor for knee osteoarthritis (KOA) development and progression. Glucagon-like peptide-1 receptor agonists (GLP-1RAs) are indicated for type 2 diabetes mellitus (T2DM) and obesity. However, whether KOA patients can benefit from GLP-1RA therapies has not been sufficiently investigated, especially in the long term. METHODS: The Shanghai Osteoarthritis Cohort study is a prospective, observational, multicentre study of >40 000 adults with clinically diagnosed osteoarthritis aged >45 years in Shanghai. We identified all KOA participants with comorbid T2DM enrolled from 1 January 2011 to 1 January 2017. Primary outcome was incidence of knee surgery after enrolment. Secondary outcomes included pain-relieving medication use, number of intra-articular therapies, Western Ontario and McMaster Universities Osteoarthritis Index (WOMAC) and medial femorotibial joint cartilage thickness. To evaluate the effects of GLP-1RA, we performed before-and-after comparison and comparison with participants who had no GLP-1RA exposure. RESULTS: For an intergroup comparison (non-GLP-1RA vs GLP-1RA), more weight loss (adjusted mean difference in weight change from baseline -7.29 kg (95% CI -8.07 to -6.50 kg), p<0.001) and lower incidence of knee surgery (93/1574 (5.9%) vs 4/233 (1.7%), adjusted p=0.014) were observed in the GLP-1RA group. Statistically significant differences in mean change from baseline for the WOMAC total and pain subscale scores were observed (adjusted mean difference in WOMAC total score -1.46 (95% CI -2.84 to -0.08), p=0.038; adjusted mean difference in WOMAC pain subscore -3.37 (95% CI -5.79 to -0.94), p=0.007). Cartilage-loss velocity of the medial femorotibial joint was significantly lower in the GLP-1RA group postadjustment for baseline characteristics (adjusted mean difference -0.02 mm (95% CI -0.03 to -0.002 mm), p=0.004). For the before-and-after comparison within the GLP-1RA group, we observed a significant decrease of symptom-relieving medication consumption and cartilage loss velocity of medial femorotibial joint (after-treatment vs before-treatment: -0.03±0.05 vs -0.05±0.07 mm/year, p<0.001). The association between GLP-1RA exposure and decreased incidence of knee surgery was mediated by weight reduction (mediation proportion: 32.1%), instead of glycaemic control (too small to calculate). CONCLUSION: With sufficient treatment duration, GLP-1RA therapies might be disease-modifying for KOA patients with comorbid T2DM, possibly mediated by weight loss. Further investigation is needed to elucidate effects of GLP-1RA on disease process, joint structure and patient-reported outcomes of osteoarthritis."
666096828,Exploring Glucagon‐Like Peptide‐1 Receptor Agonists Usage Among Non‐Diabetic Healthcare Providers: A Cross‐Sectional Multi‐Country Study,Abdulqadir J. Nashwan and Hana J. Abukhadijah and Vidusha Karavadi and Ibrahim Aqtam and Anas Ibraheem and Prakash Palanivelu and Mahmoud A. Khedr and Abdulkarim O. Agga and Obaid Ur Rehman and Eeshal Fatima and Mohammad A. Abu Asal and Rana Abutaima and Marwa M. Shaban and Mostafa Shaban and Muna Barakat and Nasser M. Aldosari and Albara M. Alomari and Adham A. Aljariri and Nabeel F. Al‐Lobaney and Mutaz I. Othman and Ahmad A. Abujaber and Kholoud Bastaki,2025,Health Science Reports,10.1002/hsr2.70638,Included,,"<jats:title>ABSTRACT</jats:title><jats:sec><jats:title>Background and Aim</jats:title><jats:p>Glucagon‐like peptide‐1 receptor agonists (GLP‐1RAs) were initially developed for type 2 diabetes but have gained widespread use for weight management, including among non‐diabetic individuals. This study aimed to estimate the prevalence of GLP‐1RA use, describe usage patterns, and explore healthcare providers' (HCPs) perceptions of their efficacy and safety.</jats:p></jats:sec><jats:sec><jats:title>Methods</jats:title><jats:p>A cross‐sectional study was conducted among 657 HCPs from 10 countries using a structured online survey between September and December 2023. Convenience sampling was employed, statistical analyses were performed using STATA 17. Associations between demographic characteristics and perceptions of GLP‐1RAs were analyzed using the chi‐square test.</jats:p></jats:sec><jats:sec><jats:title>Results</jats:title><jats:p>Among 657 HCPs, 59.2% were female and 40.8% were male, with a median age of 36.0 years (IQR: 29.0–44.0) and a median BMI of 26.7 (IQR: 23.8–30.7). Among professional groups, nurses accounted for 44.7%, followed by physicians (36.2%) and allied health professionals (18.7%). Semaglutide (45.7%, 95% CI: 41.8%−49.5%) was the most commonly used GLP‐1RA, followed by Liraglutide (36.9%, 95% CI: 33.2%−40.8%). Other GLP‐1RAs were used less frequently, including Dulaglutide (17.0%, 95% CI: 14.2%−20.1%), Exenatide (14.1%, 95% CI: 11.5%−17.0%), Albiglutide (7.0%, 95% CI: 5.1%−9.2%), and Lixisenatide (8.5%, 95% CI: 6.5%−10.9%. Regarding perceived safety, 68.6% considered GLP‐1RAs safe. Safety perceptions were significantly associated with educational level (<jats:italic>p</jats:italic> = 0.022), with participants holding higher degrees being more likely to perceive GLP‐1RAs as unsafe (18.3%) compared to those with a bachelor's degree or lower (10.8%). No associations were found with age (<jats:italic>p</jats:italic> = 0.487), sex (<jats:italic>p</jats:italic> = 0.729), or BMI (<jats:italic>p</jats:italic> = 0.089). Similarly, 73.5% of participants considered GLP‐1RAs effective for perceived efficacy. No associations were found with sex (<jats:italic>p</jats:italic> = 0.663) or BMI (<jats:italic>p</jats:italic> = 0.446). Older participants (<jats:italic>p</jats:italic> = 0.011) and those with higher education (<jats:italic>p</jats:italic> = 0.006) were more likely to perceive GLP‐1RAs as ineffective.</jats:p></jats:sec><jats:sec><jats:title>Conclusion</jats:title><jats:p>This study provides the first prevalence estimate of GLP‐1RA use among HCPs and GLP1‐Ras users and explores the associations between demographic characteristics and perceptions of safety and efficacy. The findings highlight the self‐prescribing practices of these medications for weight management and underscore the need for appropriate monitoring to avoid potential health risks.</jats:p></jats:sec>"
666096829,Forecasting cardiovascular risk reduction with semaglutide in overweight and obese with heart disease: a nationwide cohort study,Mats C Højbjerg Lassen and Kristoffer Grundtvig Skaarup and Muthiah Vaduganathan and John W Ostrominski and Jens Ulrik Stæhr Jensen and Tor Biering-Sørensen and Niklas Dyrby Johansen,2024,European Journal of Preventive Cardiology,10.1093/eurjpc/zwae224,Included,,"The Semaglutide Effects on Heart Disease and Stroke in Patients with Overweight or Obesity (SELECT) trial,1 which enrolled 17 604 participants aged ≥45 years with overweight or obesity and established cardiovascular disease (CVD) and without diabetes, recently met its primary endpoint: once-weekly semaglutide (2.4 mg) resulted in a 20% relative risk reduction (RRR) in major adverse cardiovascular events (MACEs) defined as the first occurrence of cardiovascular (CV) death, non-fatal myocardial infarction (MI), or non-fatal stroke.2 Based on the results of SELECT, the U.S. Food and Drug Administration has since approved an expanded label indication for semaglutide (2.4 mg) to include CV risk reduction. However, the potential effect of semaglutide on population-level CV risk is unknown. Using the Danish nationwide health registries, we sought to quantify the size of the SELECT-eligible population and to forecast the effects of nationwide semaglutide implementation on the risk of MACE in this population."
666096831,GLP-1RAs: antidiabetic drug crossover—new hope for chronic inflammatory airway diseases,Yinan Chen and Yili Shen and Hui Shen and Zhicong Liu,2026,Respiratory Research,10.1186/s12931-026-03569-7,Excluded,,"Glucagon-like peptide-1 receptor agonists (GLP-1RAs) represent a novel class of antidiabetic agents recognized not only for their efficacy in glycemic control and weight management but also for their distinctive cardiovascular benefits. Type 2 diabetes mellitus, a prevalent chronic metabolic disorder worldwide, frequently coexists with chronic inflammatory airway diseases (CIADs), including chronic obstructive pulmonary disease (COPD), asthma, and obstructive sleep apnea (OSA). In recent years, growing attention has been directed toward the potential role of GLP-1RAs in the context of CIADs. This review examines the mechanistic underpinnings of GLP-1RAs in CIADs and evaluates their therapeutic potential in COPD, asthma, and OSA. Clinical evidence indicates that GLP-1RAs can reduce the risk of acute exacerbations in COPD, attenuate obesity-associated asthma exacerbations, and improve respiratory outcomes in patients with OSA. Although certain findings remain inconsistent and prospective clinical studies are still limited, the therapeutic promise of GLP-1RAs in CIADs has been preliminarily supported. Further large-scale randomized controlled trials are warranted to clarify their precise effects in chronic inflammatory airway diseases and to assess long-term efficacy and safety."
666096832,gleason-et-al-2024-real-world-persistence-and-adherence-to-glucagon-like-peptide-1-receptor-agonists-among-obese_-fu,,,,,Included,,
666101589,Glucagon-like peptide-1 receptor agonist use prior to spinal surgery results in reduced postoperative length of stay: A propensity-score matched analysis,Samuel N. Goldman and Kyle Mani and Thomas Scharfenberger and Emily Kleinbart and Aaron T. Hui and Rafael De la Garza Ramos and Mitchell S. Fourman and Ananth S. Eleswarapu,2025,North American Spine Society Journal (NASSJ),10.1016/j.xnsj.2025.100612,Included,,"Background: While glucagon-like peptide-1 receptor agonists (GLP-1 RAs) have demonstrated benefits in reducing complications following total knee and hip arthroplasty, their effects in spinal surgery remain unclear. Prior studies have reported mixed results across select spinal fusion procedures, and the impact of GLP-1 RAs on perioperative outcomes has not been well-defined. This study evaluates the association between preoperative GLP-1 RA use and key perioperative outcomes in spinal surgery. Methods: We conducted a retrospective, propensity score-matched analysis of adult patients (≥18 years) undergoing spinal decompression and/or fusion at an urban academic spine service over the past 5 years. Patients prescribed a GLP-1 RA preoperatively comprised the exposure cohort. A 1:4 nearest-neighbor propensity score matching algorithm was then used to identify comparable controls without GLP-1 RA use, based on age, sex, body mass index (BMI), primary procedure code, comorbidities (diabetes, hypertension, hyperlipidemia, heart disease, smoking status, kidney disease, and anxiety), and the use of prevalent diabetic medications (insulin, metformin, sulfonylureas, and SGLT-2 inhibitors). Primary outcomes included length of stay (LOS), operating room (OPR) time, 90-day reoperation, 90-day readmission, and nonroutine discharge. Binary outcomes were assessed using multivariate logistic regression, while the Mann-Whitney U test was used for continuous variables. Results: = 172, 62.1%), with a mean age of 61.4 years and mean BMI of 33.8 kg/m². Both cohorts exhibited high rates of comorbidities, including diabetes and hypertension. GLP-1 RA use was associated with a significant reduction in median postoperative LOS (3 days vs. 4 days; p = 0.036), particularly among patients undergoing lumbar fusion. No significant differences were observed in OPR time, 90-day reoperation, 90-day readmission, or nonroutine discharge rates. Conclusions: Preoperative GLP-1 RA use was associated with a statistically significant reduction in postoperative LOS among patients undergoing spinal decompression and/or fusion. Further prospective, multi-institutional studies are warranted to validate these findings and to determine whether this reduction translates into clinically and financially meaningful benefits, including improved long-term outcomes."
666101590,Glucagon-Like Peptide-1 Receptor Agonists and Age-Related Macular Degeneration,Abhimanyu S. Ahuja and Alfredo A. Paredes and Benjamin K. Young,2025,JAMA Ophthalmology,10.1001/jamaophthalmol.2025.3821,Included,,"<jats:sec id=""ab-eoi250061-4"">
                    <jats:title>Importance</jats:title>
                    <jats:p>Glucagon-like peptide-1 receptor agonists (GLP-1RAs) are increasingly used for weight loss, but their ocular effects in nondiabetic individuals remain unclear. Prior studies suggest GLP-1RA use reduced age-related macular degeneration (AMD) risk in patients with diabetes, but applicability to nondiabetic populations is unknown.</jats:p>
                  </jats:sec>
                  <jats:sec id=""ab-eoi250061-5"">
                    <jats:title>Objective</jats:title>
                    <jats:p>To evaluate the risk of developing nonexudative AMD and its progression to exudative AMD among patients with obesity but not diabetes prescribed GLP-1RAs compared with those prescribed other weight-loss drugs (OWLDs).</jats:p>
                  </jats:sec>
                  <jats:sec id=""ab-eoi250061-6"">
                    <jats:title>Design, Setting, and Participants</jats:title>
                    <jats:p>This retrospective cohort study used electronic health record data obtained from the multicenter TriNetX Global Collaborative Network on patients aged 55 years or older diagnosed with overweight or obesity but not diabetes from January 2004 to July 2025. For the primary analysis, patients with preexisting nonexudative AMD were excluded. For the secondary analysis, patients with preexisting nonexudative AMD were included, while those with preexisting exudative AMD were excluded. Propensity score matching balanced baseline demographics and comorbidities. Data were analyzed on March 21, 2025, and August 2, 2025.</jats:p>
                  </jats:sec>
                  <jats:sec id=""ab-eoi250061-7"">
                    <jats:title>Exposures</jats:title>
                    <jats:p>Patients were prescribed either the GLP-1RAs liraglutide or semaglutide or OWLDs including lorcaserin, sibutramine, setmelanotide, fenfluramine, mazindol, orlistat, phentermine, and diethylpropion.</jats:p>
                  </jats:sec>
                  <jats:sec id=""ab-eoi250061-8"">
                    <jats:title>Main Outcomes and Measures</jats:title>
                    <jats:p>The primary outcome was development of nonexudative AMD at 5, 7, and 10 years. The secondary outcome was progression to exudative AMD at 10 years. Risk ratios (RRs) with 95% CIs were calculated. Standardized mean differences were used to assess covariate balance after matching.</jats:p>
                  </jats:sec>
                  <jats:sec id=""ab-eoi250061-9"">
                    <jats:title>Results</jats:title>
                    <jats:p>
                      A total of 91 408 patients were included. After propensity score matching for the primary analysis, 45 704 patients remained in each of the GLP-1RA and OWLD cohorts. The GLP-1RA cohort included 35 753 (78.2%) females and 7852 (17.2%) males with a mean (SD) age of 61.1 (5.76) years, while the OWLD cohort included 35 732 (78.2%) females and 7815 (17.1%) males with a mean [SD] age of 61.0 (5.86) years. Covariate balance was achieved across all variables for the GLP-1RA and OWLD cohorts in the primary analysis. GLP-1RA use was associated with reduced risk of nonexudative AMD compared with OWLDs at 5 years (RR, 0.16; 95% CI, 0.10-0.28;
                      <jats:italic toggle=""yes"">P</jats:italic>
                       &amp;amp;lt; .001), 7 years (RR, 0.13; 95% CI, 0.08-0.22;
                      <jats:italic toggle=""yes"">P</jats:italic>
                       &amp;amp;lt; .001), and 10 years (RR, 0.09; 95% CI, 0.05-0.16;
                      <jats:italic toggle=""yes"">P</jats:italic>
                       &amp;amp;lt; .001). No differences were observed in progression to exudative AMD.
                    </jats:p>
                  </jats:sec>
                  <jats:sec id=""ab-eoi250061-10"">
                    <jats:title>Conclusions and Relevance</jats:title>
                    <jats:p>In this cohort study, GLP-1RA use was associated with reduced risk of developing nonexudative AMD but was not associated with progression to exudative AMD among individuals with nonexudative AMD. These findings may inform future randomized trials evaluating the ocular effects of GLP-1RAs in nondiabetic populations.</jats:p>
                  </jats:sec>"
666101591,Impact of semaglutide on weight and functional outcomes among obese heart failure patients: a propensity scores matching analysis,Mahmoud Balata and Marc Ulrich Becher,2024,BMC Cardiovascular Disorders,10.1186/s12872-024-04275-2,Included,,"<jats:title>Abstract</jats:title><jats:sec>
                <jats:title>Background &amp; objectives</jats:title>
                <jats:p>Obesity is a common comorbidity in heart failure, yet effective pharmacological options for weight loss in these patients are limited. Semaglutide, a glucagon-like peptide 1 receptor agonist, has shown promise for weight reduction in obese adults. This study aims to evaluate semaglutide’s impact on weight loss, functional status, and clinical outcomes in obese patients with heart failure.</jats:p>
              </jats:sec><jats:sec>
                <jats:title>Methods</jats:title>
                <jats:p>A retrospective analysis was conducted on all consecutive obese (BMI &gt; 30 kg/m²) patients with heart failure at the University Hospital Bonn outpatient clinic from July 2019 to July 2022. Propensity score matching paired patients receiving semaglutide as an add-on therapy (SEMA) with those on medical therapy alone (Control).</jats:p>
              </jats:sec><jats:sec>
                <jats:title>Results</jats:title>
                <jats:p>Among 1,942 patients with heart failure screened, 26 matched pairs were identified. At one year, the SEMA group exhibited significant weight loss, with a mean BMI reduction of -2.91 kg/m² (95% CI: -4.27 to -1.55; <jats:italic>p</jats:italic> &lt; 0.001), while the control group showed a non-significant mean change of -0.41 kg/m² (95% CI: -1.08 to 0.26; <jats:italic>p</jats:italic> = 0.22). The difference in BMI between the two groups was statistically significant (mean difference: 3.42 kg/m², 95% CI: 1.43 to 5.42; <jats:italic>p</jats:italic> = 0.001). Improvements by at least one NYHA class were observed in 65% of the SEMA group (<jats:italic>p</jats:italic> &lt; 0.001) compared to 15% of the control group (<jats:italic>p</jats:italic> = 0.18). The SEMA group also showed a significant increase in 6-minute walk distance (6MWD), with a mean difference of 75 m between the groups at one year (95% CI: 0.53 to 150.02; <jats:italic>p</jats:italic> = 0.049). NT-proBNP levels significantly decreased in the SEMA group (<jats:italic>p</jats:italic> &lt; 0.001) compared to the control group (<jats:italic>p</jats:italic> = 0.78), with a statistically significant difference in NT-proBNP between the groups (<jats:italic>p</jats:italic> = 0.048). Both improvements in 6MWD and reductions in NT-proBNP were significantly correlated with BMI percentage reductions.</jats:p>
              </jats:sec><jats:sec>
                <jats:title>Conclusions</jats:title>
                <jats:p>Semaglutide was associated with significant weight reduction in obese patients with heart failure, accompanied by improved NYHA classification and 6-minute walk distance. Larger, multi-center trials and prospective, randomized controlled trials are warranted. These studies should focus on assessing long-term outcomes, optimizing dosage, and exploring the potential cardiovascular benefits beyond weight reduction.</jats:p>
              </jats:sec>"
666101592,Mapping the effectiveness and risks of GLP-1 receptor agonists,Yan Xie and Taeyoung Choi and Ziyad Al-Aly,2025,Nature Medicine,10.1038/s41591-024-03412-w,Excluded,wrong study design,
666101593,Effectiveness of semaglutide versus liraglutide for treating post‐metabolic and bariatric surgery weight recurrence,Natia Murvelashvili and Luyu Xie and Jeffrey N. Schellinger and M. Sunil Mathew and Elisa Morales Marroquin and Ildiko Lingvay and Sarah E. Messiah and Jaime P. Almandoz,2023,Obesity,10.1002/oby.23736,Excluded,,"<jats:title>Abstract</jats:title><jats:sec><jats:title>Objective</jats:title><jats:p>The aim of this study was to compare the effectiveness of semaglutide versus liraglutide for treating post‐metabolic and bariatric surgery (MBS) weight recurrence.</jats:p></jats:sec><jats:sec><jats:title>Methods</jats:title><jats:p>A retrospective analysis of 207 adults with post‐MBS weight recurrence treated with semaglutide 1.0 mg weekly (<jats:italic>n</jats:italic> = 115) or liraglutide 3.0 mg daily (<jats:italic>n</jats:italic> = 92) at an academic center from January 1, 2015, through April 1, 2021, was conducted. The primary end point was percentage body weight change at 12 months of treatment with regimens containing semaglutide or liraglutide.</jats:p></jats:sec><jats:sec><jats:title>Results</jats:title><jats:p>The mean sample age was 55.2 years; mean BMI was 40.4 kg/m<jats:sup>2</jats:sup>; 89.9% were female; and 50% completed sleeve gastrectomy, 29% completed Roux‐en‐Y gastric bypass, and 21% completed adjustable gastric banding. Least‐squares mean weight change at 12 months was −12.92% versus −8.77% in the semaglutide and liraglutide groups, respectively (<jats:italic>p</jats:italic> &lt; 0.001). The adjusted odds ratios were 2.34 (95% CI: 1.28‐4.29) for ≥10% weight loss and 2.55 (95% CI: 1.22‐5.36) for ≥15% weight loss over 12 months in the semaglutide group versus liraglutide group, respectively. Weight‐loss efficacy of semaglutide (vs. liraglutide) did not differ by subgroups explored, including age, sex, and MBS procedure.</jats:p></jats:sec><jats:sec><jats:title>Conclusions</jats:title><jats:p>These results show that treatment regimens including semaglutide 1.0 mg weekly lead to superior weight loss compared with liraglutide 3.0 mg daily for treating post‐MBS weight recurrence, regardless of procedure type or the magnitude of weight recurrence.</jats:p></jats:sec>"
666101594,Semaglutide 2.4 mg/wk for weight loss in patients with severe obesity and with or without a history of bariatric surgery,Jean‐Baptiste Bonnet and Sarah Tournayre and Jean Anitcheou and Marion Faivre and Catherine Boegner and Abdulkader Jalek and Dominique Jullien and Vincent Attalin and Justine Myzia and Lucile Marty and Youadigue Kemba and David Nocca and Ariane Sultan and Antoine Avignon,2023,Obesity,10.1002/oby.23922,Included,,"<jats:title>Abstract</jats:title><jats:sec><jats:title>Objective</jats:title><jats:p>This retrospective cohort study aimed to assess the effectiveness of semaglutide 2.4 mg in patients with severe obesity (BMI ≥ 40 kg/m<jats:sup>2</jats:sup>) who had previously undergone bariatric surgery (BS) but failed to achieve satisfactory weight loss or experienced weight regain compared with patients without a history of BS with similar BMI.</jats:p></jats:sec><jats:sec><jats:title>Methods</jats:title><jats:p>The authors analyzed data from 129 patients with a BMI ≥ 40 kg/m<jats:sup>2</jats:sup>, including 39 with (BS+) and 90 without (BS−) a history of BS. The patients received semaglutide treatment for 24 weeks starting at 0.25 mg/wk and gradually increasing to reach a final dose of 2.4 mg/wk. The treatment outcomes were assessed based on the percentage of weight loss, changes in BMI, and waist circumference.</jats:p></jats:sec><jats:sec><jats:title>Results</jats:title><jats:p>Semaglutide treatment resulted in significant 9.1% weight loss in the BS+ group, with no significant difference in weight loss between the BS+ and BS− groups.</jats:p></jats:sec><jats:sec><jats:title>Conclusions</jats:title><jats:p>This study is the first, to the authors’ knowledge, to compare the effectiveness of semaglutide treatment in patients with versus those without a history of BS, providing valuable evidence of its efficacy. By focusing on individuals with severe obesity (BMI &gt; 40 kg/m<jats:sup>2</jats:sup> and associated comorbidities), it fills a gap in the current literature and highlights the potential of semaglutide 2.4 mg as a treatment option for this specific population.</jats:p></jats:sec>"
666101595,"Impact of Treatment with GLP1 Receptor Agonists, Liraglutide 3.0 mg and Semaglutide 1.0 mg, While on a Waiting List for Bariatric Surgery",Miguel A. Rubio-Herrera and Sara Mera-Carreiro and Andrés Sánchez-Pernaute and Ana M. Ramos-Levi,2023,Biomedicines,10.3390/biomedicines11102785,Included,,"<jats:p>Background: Weight loss before undergoing metabolic and bariatric surgery (MBS) has been suggested to reduce perioperative complications, although with controversial results. The objective of this study is to evaluate the impact of treatment with GLP1-R agonists (liraglutide 3.0 mg and semaglutide 1.0 mg) on preoperative weight loss and patients’ decisions regarding MBS while on a surgical waiting list. Materials and methods: One hundred and two patients on a waiting list for MBS started treatment with GLP1-RA for at least 6 months. Changes in weight at 26 and 52 weeks, the number of patients achieving &gt;5% weight loss, and patients’ decisions regarding MBS were evaluated. Results: After 52 weeks, patients lost 16.9 ± 7.2% of weight with semaglutide 1.0 mg and 16.1 ± 5.8% of weight with liraglutide 3.0 mg. All patients lost ≥5% of initial weight, 84.7% lost ≥10%, 54.6% lost ≥15%, and 27.5% reached ≥20%. A total of 68.6% of participants were satisfied with the achieved weight loss and withdrew from the waiting list for MBS. A threshold of &gt;15.1% weight loss had the greatest sensitivity and specificity for the final decision regarding undergoing MBS. Conclusions: Losing &gt;15% of initial weight after 52 weeks of treatment with liraglutide 3.0 mg or semaglutide 1.0 mg during the waiting list for MBS impacts patients’ decisions regarding the final acceptance or rejection of the procedure.</jats:p>"
666101596,Liraglutide in Obesity Management: Evidence of Weight and Lipid Improvements in a UAE Cohort,Fathelrahman Ahmed and Tarig Merghani and Maryam Alkhatry and Hisham Altayeb Hisham and Fouad Hamad and Alaa Qashlan and Leyla Kedir and Azza Alawad,2025,The Open Public Health Journal,10.2174/0118749445420434250723055026,Excluded,wrong drug,"<jats:sec>
                    <jats:title>Introduction</jats:title>
                    <jats:p>Liraglutide, a Glucagon-Like Peptide-1 Receptor Agonist (GLP-1RA), is used for weight management and glycaemic control in obesity. This study aimed to evaluate the effect of liraglutide on weight, glycosylated Hemoglobin (HbA1c), and Low-Density Lipoprotein Cholesterol (LDL-C) over 12 months in a real-world clinical setting.</jats:p>
                </jats:sec>
                <jats:sec>
                    <jats:title>Methods</jats:title>
                    <jats:p>This retrospective single-arm longitudinal study included 209 patients with obesity, primarily UAE nationals (86.1%) and females (82.8%). Clinical parameters (weight, HbA1c, and LDL-C) were assessed at baseline, 6 months, and 12 months. Paired-sample t-tests were used to compare clinical parameters at baseline with those at 6 months and 12 months. Subgroup analyses examined sex differences and associations between weight status and HbA1c levels. A <jats:italic>p</jats:italic>-value &lt; 0.05 was considered significant.</jats:p>
                </jats:sec>
                <jats:sec>
                    <jats:title>Results</jats:title>
                    <jats:p>Mean weight decreased from 98.42 ± 16.97 kg at baseline to 92.90 ± 16.83 kg at 6 months (p&lt;0.001) and 91.69 ± 16.23 kg at 12 months (p&lt;0.001), reflecting a 6.8% reduction. HbA1c declined modestly from 6.33 ± 1.42% to 6.11 ± 1.30% (p=0.039). LDL-C decreased from 2.91 ± 0.98 mmol/L to 2.61 ± 0.94 mmol/L (p=0.009). Baseline sex differences in weight (<jats:italic>p</jats:italic>=0.002) diminished over time.</jats:p>
                </jats:sec>
                <jats:sec>
                    <jats:title>Discussion</jats:title>
                    <jats:p>Liraglutide achieved significant weight and LDL-C reductions and modest glycaemic improvements in a predominantly non-diabetic obese cohort. These outcomes align with previous studies but may vary with dose, duration, and population characteristics.</jats:p>
                </jats:sec>
                <jats:sec>
                    <jats:title>Conclusion</jats:title>
                    <jats:p>Liraglutide effectively reduced weight and improved LDL-C levels in young, predominantly female, non-diabetic obese patients from UAE, supporting its role as an adjunct to lifestyle interventions in similar populations.</jats:p>
                </jats:sec>"
666101598,Medications and conditions associated with weight loss in patients prescribed semaglutide based on real‐world data,William Powell and Xing Song and Yahia Mohamed and Dave Walsh and Elizabeth J. Parks and Tamara M. McMahon and Mirza Khan and Lemuel R. Waitman,2023,Obesity,10.1002/oby.23859,Excluded,,"<jats:title>Abstract</jats:title>
                  <jats:sec>
                    <jats:title>Objective</jats:title>
                    <jats:p>Approved by the Food and Drug Administration (FDA) in 2017 for diabetes and in 2021 for weight loss, semaglutide has seen widespread use among individuals who aim to lose weight. The aim of this study was to evaluate weight loss and the influence of clinical factors on semaglutide patients in real‐world clinical practice.</jats:p>
                  </jats:sec>
                  <jats:sec>
                    <jats:title>Methods</jats:title>
                    <jats:p>Using data from 10 health systems within the Greater Plains Collaborative (a PCORnet Clinical Research Network), nearly 4000 clinical factors encompassing demographic, diagnosis, and prescription information were extracted for semaglutide patients. A gradient‐boosting, machine‐learning classifier was developed for weight‐loss prediction and identification of the most impactful factors via SHapley Additive exPlanations (SHAP) value extrapolation.</jats:p>
                  </jats:sec>
                  <jats:sec>
                    <jats:title>Results</jats:title>
                    <jats:p>A total of 3555 eligible patients (539 of whom were observed 52 weeks following exposure) from March 2017 to April 2022 were studied. On average, individuals lost 4.44% (male individuals, 3.66%; female individuals, 5.08%) of their initial weight. History of diabetes mellitus diagnosis was associated with less weight loss, whereas prediabetes and linaclotide use were associated with more pronounced weight loss.</jats:p>
                  </jats:sec>
                  <jats:sec>
                    <jats:title>Conclusions</jats:title>
                    <jats:p>Weight loss in patients prescribed semaglutide from real‐world evidence was strong but attenuated compared with previous clinical trials. Machine‐learning analysis of electronic health record data identified factors that warrant further research and consideration when tailoring weight‐loss therapy.</jats:p>
                  </jats:sec>"
666102285,Titration and discontinuation of semaglutide for weight management in commercially insured US adults,Yunwen Xu and Juan J. Carrero and Alexander R. Chang and Lesley A. Inker and Donglan Zhang and Amrita Mukhopadhyay and Saul B. Blecker and Leora I. Horwitz and Morgan E. Grams and Jung‐Im Shin,2025,Obesity,10.1002/oby.24315,Included,,"<jats:title>Abstract</jats:title><jats:sec><jats:title>Objective</jats:title><jats:p>The objective of this study is to examine real‐world dose titration patterns of semaglutide for weight management (Wegovy, Novo Nordisk A/S) in US adults and identify characteristics associated with early discontinuation.</jats:p></jats:sec><jats:sec><jats:title>Methods</jats:title><jats:p>We identified 15,811 commercially insured adults who started semaglutide for weight management (administrated through single‐dose prefilled pens) between June 2021 and December 2023. We depicted dose‐titration patterns over 5 months and identified factors associated with discontinuation using multivariable Cox regression. Sensitivity analyses examined patterns after supply shortage resolution (after October 2023).</jats:p></jats:sec><jats:sec><jats:title>Results</jats:title><jats:p>Most semaglutide users deviated from the recommended monthly dose‐escalation schedule within the first 5 months. By the fifth month, nearly one‐half (46%) had discontinued the treatment, with similar rates (48%) among those initiating after supply stabilization. Discontinuation was strongly associated with copayment amount, with rates increased from 41% in the lowest quintile ($1–$54 per month) to 51% in the highest quintile ($161–$1460 per month). Higher discontinuation rates were also associated with lower household income and education level.</jats:p></jats:sec><jats:sec><jats:title>Conclusions</jats:title><jats:p>The deviations from the recommended dose‐escalation schedule and high discontinuation rate among real‐world semaglutide users indicate important challenges in the delivery of evidence‐based care. Policy interventions that reduce financial barriers to the persistence of semaglutide are needed.</jats:p></jats:sec>"
666102286,Semaglutide 2.4 mg clinical outcomes in patients with obesity or overweight in a real‐world setting: A 6‐month retrospective study in the United States (SCOPE),Aleksandrina Ruseva and Wojciech Michalak and Zhenxiang Zhao and Anthony Fabricatore and Bríain Ó. Hartaigh and Devika Umashanker,2024,Obesity Science &amp; Practice,10.1002/osp4.737,Included,,"<jats:title>Abstract</jats:title><jats:sec><jats:title>Background</jats:title><jats:p>Management guidelines for obesity suggest maintaining a minimum of 5% body weight reduction to help prevent or lower the risk of developing conditions such as hypertension and type 2 diabetes. However, achieving long‐term weight control is difficult with lifestyle modification alone, making it essential to combine pharmacotherapy with diet and exercise in individual cases. Semaglutide 2.4 mg has demonstrated significant reductions in body weight and cardiometabolic risk factors in clinical trials, but information on outcomes in a real‐world setting is limited.</jats:p></jats:sec><jats:sec><jats:title>Objective</jats:title><jats:p>To assess changes in body weight and other clinical outcomes at 6‐month follow‐up among adults on semaglutide 2.4 mg in a real‐world setting in the United States (US).</jats:p></jats:sec><jats:sec><jats:title>Methods</jats:title><jats:p>Observational and retrospective cohort study of patients initiating treatment between 15 June 2021, and 31 March 2022, using a large US claims‐linked electronic health record database.</jats:p></jats:sec><jats:sec><jats:title>Results</jats:title><jats:p>Mean (±SD) body mass index (BMI) of the 343 patients included in the analysis was 37.9 ± 5.5 kg/m<jats:sup>2</jats:sup>. After 6 months, mean body weight change was −10.5 ± 6.8 kg (95% CI: −11.2; −9.8, <jats:italic>p</jats:italic> &lt; 0.001) and mean percentage body weight change was −10.0% ± 6.6% (95% CI: −10.7; −9.3, <jats:italic>p</jats:italic> &lt; 0.001). Most (79.0%) patients had ≥5% body weight reduction, 48.1% had ≥10% body weight reduction, and 19.0% had ≥15% body weight reduction. Among patients with available data, the mean change in HbA1c (<jats:italic>n</jats:italic> = 30) was −0.6% ± 1.2% (95% CI: −1.0; −0.1, <jats:italic>p</jats:italic> = 0.016) and nearly two‐thirds of patients with prediabetes or diabetes at baseline reverted to normoglycemia. Mean reductions of −4.4 ± 12.3 mmHg (95% CI: −5.7; −3.0, <jats:italic>p</jats:italic> &lt; 0.001) and −1.7 ± 8.4 mmHg (95% CI: −2.6; −0.7, <jats:italic>p</jats:italic> &lt; 0.001) were observed in systolic and diastolic blood pressure, respectively (<jats:italic>n</jats:italic> = 307). Statistically significant reductions in mean total cholesterol (−12.2 ± 38.8 mg/dl [95% CI: −24.3 to −0.06, <jats:italic>p</jats:italic> &lt; 0.049]) and triglycerides (−18.3 ± 43.6 mg/dl [95% CI: −4.7; −31.9, <jats:italic>p</jats:italic> &lt; 0.009]) were also observed (<jats:italic>n</jats:italic> = 42).</jats:p></jats:sec><jats:sec><jats:title>Conclusions</jats:title><jats:p>This study demonstrated the effectiveness of semaglutide 2.4 mg in reducing body weight and improving cardiometabolic parameters in adults with overweight or obesity in a real‐world clinical practice setting, showing a significant mean body weight reduction and improvements in biomarkers like blood pressure and HbA1c over a 6‐month period. These findings, aligning with previous clinical trials at comparable time points, highlight the clinical relevance of semaglutide as an effective therapeutic option for obesity.</jats:p></jats:sec>"
666102287,Oral semaglutide for the treatment of obesity: a retrospective real-world study,Mitja Krajnc and Neža Kuhar and Andrijana Koceva,2025,Frontiers in Endocrinology,10.3389/fendo.2025.1593334,Included,,"<jats:sec>
                    <jats:title>Background</jats:title>
                    <jats:p>Clinical obesity is a prevalent chronic disease, significantly increasing morbidity and mortality while impairing quality of life. As diet and physical activity interventions often prove ineffective in the long term, with increasing use of pharmacotherapy, drug shortages and injection aversion present a challenge. The role of oral semaglutide at a dose of 14 mg (registered for type 2 diabetes) as a treatment for obesity in patients without diabetes remains undefined.</jats:p>
                  </jats:sec>
                  <jats:sec>
                    <jats:title>Methods</jats:title>
                    <jats:p>In the retrospective real-world study, which included 93 adults without diabetes (57% women, average age 52 years), we assessed whether treatment with 14 mg oral semaglutide over one year is associated with lower body weight, body mass index (BMI), waist circumference, blood pressure, heart rate, and obesity staging according to EOSS.</jats:p>
                  </jats:sec>
                  <jats:sec>
                    <jats:title>Results</jats:title>
                    <jats:p>Of the 93 subjects recruited, 82 (88%) were receiving oral semaglutide at a dose of 14 mg after one year. After one year of treatment body weight was significantly lower by 5.7% (5.9 kg) in completers, and BMI decreased significantly by an average of 2 kg/m². There was also a significant reduction in waist circumference by 5.5 cm and a decrease in EOSS score by 0.1. Clinically significant weight loss was achieved in 46% of all participants, with rare individuals experiencing a decrease of ≥ 15%. Adverse effects were mostly mild, with nausea reported by 23% and vomiting and diarrhoea by 12% of participants.</jats:p>
                  </jats:sec>
                  <jats:sec>
                    <jats:title>Conclusions</jats:title>
                    <jats:p>Obesity treatment with oral semaglutide at a dose of 14 mg showed marked interindividual variability, with approximately half achieving clinically significant reductions – mostly under 10%. Although less effective than injectable therapy, oral semaglutide at a dose of 14 mg had a favorable safety profile and may be suitable in selected clinical scenarios.</jats:p>
                  </jats:sec>"
666102288,Discontinuing glucagon‐like peptide‐1 receptor agonists and body habitus: A systematic review and meta‐analysis,Sara Berg and Hannah Stickle and Suzanne J. Rose and Eric C. Nemec,2025,Obesity Reviews,10.1111/obr.13929,Excluded,wrong study design,"<jats:title>Summary</jats:title>
                  <jats:sec>
                    <jats:label/>
                    <jats:p>
                      Research on Glucagon‐like peptide 1 receptor agonist (GLP‐1RA) has mainly focused on the efficacy of weight loss and not the long‐term efficacy of weight loss maintenance. This systematic review and meta‐analysis aims to evaluate the sustainability of weight loss of patients taking GLP‐1RAs following the discontinuation of the drug. EBSCOhost was used to simultaneously search Academic Search Premier, CINHAL Ultimate, Cochrane Central Register of Controlled Trials, MEDLINE with full text, Cochrane Database of Systematic Reviews, and separate PubMed search was systematically investigated using a predetermined search strategy from inception to February 1st, 2024. The authors extracted data regarding body weight change from baseline on treatment and off treatment, change in waist circumference from baseline on and off treatment, and change in BMI from baseline on and off treatment. Meta‐analysis was conducted using RevMan (version 5.4) to calculate pooled mean differences using a Der Simonian‐Laird Random Effects model. ResultsThe initial search yielded 497 relevant articles and, after screening, retained 8 randomized controlled trials comprised of 2372 participants, all with a BMI ≥ 27 kg/m
                      <jats:sup>2</jats:sup>
                      . After discontinuing GLP‐1RA therapy, weight regain was proportional to the original weight loss. Participants who took liraglutide regained 2.20 kg (95% CI 1.69 to 2.70, P &lt; 0.00001), and participants taking semaglutide/tirzepatide regained 9.69 kg (95% CI 5.78 to 13.60, P &lt; 0.00001). This systematic review and meta‐analysis show that significant weight is regained after discontinuing GLP‐1RA treatment, which should be discussed when stopping therapy.
                    </jats:p>
                  </jats:sec>
                  <jats:sec>
                    <jats:title>Practitioner Points</jats:title>
                    <jats:p>
                      <jats:bold>Question:</jats:bold>
                      Does discontinuation of Glucagon‐like peptide 1 receptor agonist (GLP‐1RA) treatment lead to significant weight gain?
                    </jats:p>
                    <jats:p>
                      <jats:bold>Findings:</jats:bold>
                      In this systematic review and meta‐analysis, discontinuing GLP‐1RA treatment led to a pooled overall mean weight regain of 2.20 kg in participants taking liraglutide and 9.69 kg in those patients prescribed semaglutide/tirzepatide. The proportion of weight regained was proportional to the amount originally lost.
                    </jats:p>
                    <jats:p>
                      <jats:bold>Meaning:</jats:bold>
                      Discontinuation of GLP‐1RA treatment leads to weight regain, regardless of lifestyle interventions, and should therefore be considered a chronic therapy to prevent weight regain and associated undesirable outcomes related to obesity.
                    </jats:p>
                  </jats:sec>"
666102289,Safety and efficacy of glucagon‐like peptide‐1 (GLP‐1) receptor agonists in patients with weight regain or insufficient weight loss after metabolic bariatric surgery: A systematic review and meta‐analysis,Ali Esparham and Ali Mehri and Amin Dalili and Jesse Richards and Zhamak Khorgami,2024,Obesity Reviews,10.1111/obr.13811,Excluded,wrong study design,"<jats:title>Summary</jats:title><jats:sec><jats:title>Introduction</jats:title><jats:p>Weight regain and insufficient weight loss are major challenges after metabolic bariatric surgery (MBS), affecting patients' comorbidities and quality of life. The current systematic review and meta‐analysis aim to assess the efficacy and safety of GLP‐1 receptor agonists (GLP‐1 RA) in patients with weight regain or insufficient weight loss after MBS.</jats:p></jats:sec><jats:sec><jats:title>Methods</jats:title><jats:p>A systematic search was conducted across PubMed, Embase, Scopus, and Web of Science databases to find the relevant studies.</jats:p></jats:sec><jats:sec><jats:title>Results</jats:title><jats:p>A total of 19 articles were included. The highest doses of liraglutide and semaglutide were 3 mg per day and 1 mg once weekly, respectively, in the included studies. The mean differences in weight and body mass index after treatment were −7.02 kg or 3.07 kg/m<jats:sup>2</jats:sup>, −8.65 or −5.22 kg/m<jats:sup>2</jats:sup>, and −6.99 kg or −3.09 kg/m<jats:sup>2</jats:sup> for treatment durations of ≤ 6 months, 6–12 months, and &gt;12 months with liraglutide, respectively. Additionally, weekly semaglutide showed significantly greater weight loss compared to daily liraglutide, with a mean difference of 4.15 kg. Common complications included nausea (19.1%), constipation (8.6%), abdominal pain (3.7%), and vomiting (2.4%).</jats:p></jats:sec><jats:sec><jats:title>Conclusion</jats:title><jats:p>Using GLP‐1 RA is a safe and effective treatment for weight regain and insufficient weight loss after MBS.</jats:p></jats:sec>"
666102290,One-Year Weight Reduction With Semaglutide or Liraglutide in Clinical Practice,Hamlet Gasoyan and Elizabeth R. Pfoh and Rebecca Schulte and Phuc Le and W. Scott Butsch and Michael B. Rothberg,2024,JAMA Network Open,10.1001/jamanetworkopen.2024.33326,Included,,"<jats:sec id=""ab-zoi241001-4"">
                    <jats:title>Importance</jats:title>
                    <jats:p>Limited data are available on long-term weight loss achieved with semaglutide or liraglutide for type 2 diabetes (T2D) or obesity in clinical practice.</jats:p>
                  </jats:sec>
                  <jats:sec id=""ab-zoi241001-5"">
                    <jats:title>Objective</jats:title>
                    <jats:p>To document weight loss achieved with injectable forms of semaglutide or liraglutide and identify factors associated with weight reduction of 10% or greater at 1 year.</jats:p>
                  </jats:sec>
                  <jats:sec id=""ab-zoi241001-6"">
                    <jats:title>Design, Setting, and Participants</jats:title>
                    <jats:p>This retrospective cohort study used electronic health records from a large, integrated health system in Ohio and Florida. Participants included adults with a body mass index (calculated as the weight in kilograms divided by the height in meters squared) of at least 30.0 who initiated treatment with semaglutide or liraglutide between July 1, 2015, and June 30, 2022. Follow-up was completed July 28, 2023.</jats:p>
                  </jats:sec>
                  <jats:sec id=""ab-zoi241001-7"">
                    <jats:title>Exposure</jats:title>
                    <jats:p>Injectable forms of semaglutide or liraglutide approved for T2D or obesity.</jats:p>
                  </jats:sec>
                  <jats:sec id=""ab-zoi241001-8"">
                    <jats:title>Main Outcomes and Measures</jats:title>
                    <jats:p>Percentage weight change and categorical weight reduction of 10% or greater at 1 year.</jats:p>
                  </jats:sec>
                  <jats:sec id=""ab-zoi241001-9"">
                    <jats:title>Results</jats:title>
                    <jats:p>
                      A total of 3389 patients (mean [SD] age, 50.4 [12.2] years; 1835 [54.7%] female) were identified. Of these, 1341 patients received semaglutide for T2D; 1444, liraglutide for T2D; 227, liraglutide for obesity; and 377, semaglutide for obesity. Mean (SD) percentage weight change at 1 year was −5.1% (7.8%) with semaglutide vs −2.2% (6.4%) with liraglutide (
                      <jats:italic>P</jats:italic>
                       &amp;amp;lt; .001); −3.2% (6.8%) for T2D as a treatment indication vs −5.9% (9.0%) for obesity (
                      <jats:italic>P</jats:italic>
                       &amp;amp;lt; .001); and −5.5% (7.5%) with persistent medication coverage (ie, a cumulative gap of less than 90 days) at 1 year vs −2.8% (7.0%) with 90 to 275 medication coverage days and −1.8% (6.7%) with fewer than 90 medication coverage days (
                      <jats:italic>P</jats:italic>
                       &amp;amp;lt; .001). In the multivariable model, semaglutide vs liraglutide (adjusted odds ratio [AOR], 2.19 [95% CI, 1.77-2.72]), obesity as a treatment indication vs T2D (AOR, 2.46 [95% CI, 1.83-3.30]), persistent medication coverage vs 90 medication coverage days (AOR, 3.36 [95% CI, 2.52-4.54]) or 90 to 275 medication coverage days within the first year (AOR, 1.50 [95% CI, 1.10-2.06]), high dosage of the medication vs low (AOR, 1.58 [95% CI, 1.11-2.25]), and female sex (AOR, 1.57 [95% CI, 1.27-1.94]) were associated with achieving a 10% or greater weight reduction at year 1.
                    </jats:p>
                  </jats:sec>
                  <jats:sec id=""ab-zoi241001-10"">
                    <jats:title>Conclusions and Relevance</jats:title>
                    <jats:p>In this retrospective cohort study of 3389 patients with obesity, weight reduction at 1 year was associated with the medication’s active agent, its dosage, treatment indication, persistent medication coverage, and patient sex. Future research should focus on identifying the reasons for discontinuation of medication use and interventions aimed at improving long-term persistent coverage.</jats:p>
                  </jats:sec>"
666102291,Prevalence and Factors Associated with GLP-1 Receptor Agonist Use for Weight Management Among Overweight and Obese Adults in the Eastern Province of Saudi Arabia,Khalid Alhussain and Zainab Alshakhs and Layla Albaqshi and Fawatim Alshaqaqiq and Mohammed Alrabiah and Rina Tripathi,2026,Healthcare,10.3390/healthcare14030345,Included,,"<jats:p>Objectives: This study aimed to assess the prevalence and patterns of GLP-1 receptor agonist (GLP-1 RA) use for weight loss and to identify factors associated with their use among overweight and obese adults in the Eastern Province of Saudi Arabia. Methods: A cross-sectional study was conducted among overweight and obese adults aged 18 years and older residing in the Eastern Province. Data were collected in December 2024 using an online, self-administered questionnaire. Descriptive statistics were used to assess the prevalence of GLP-1 RA use, while chi-square tests and logistic regression analyses were performed to examine associations between GLP-1 RA use and relevant independent variables. Results: A total of 1264 participants were included. The lifetime prevalence of GLP-1 RA use was 18.2%, with 14.2% reporting current use. Injectable semaglutide (Ozempic) was the most commonly used medication (73.9%). Most individuals reported initiating treatment based on a doctor’s recommendation (70.4%), although 36.5% began use based on personal decision. Multivariable logistic regression identified several factors significantly associated with GLP-1 RA use, including obesity status, diabetes, prior weight-loss attempts, having family members or friends who use GLP-1 RAs, and studying or working in a health-related field. Conclusions: GLP-1 RA use is substantial among overweight and obese adults in the Eastern Province. In addition to medical conditions, social influences and involvement in health-related fields appear to shape use. These findings emphasize the need for awareness initiatives promoting appropriate GLP-1 RA use and stricter adherence to prescription guidelines.</jats:p>"
666102292,"Psychiatric adverse events associated with semaglutide, liraglutide and tirzepatide: a pharmacovigilance analysis of individual case safety reports submitted to the EudraVigilance database",Mansour Tobaiqy and Hajer Elkout,2024,International Journal of Clinical Pharmacy,10.1007/s11096-023-01694-7,Included,,"<jats:title>Abstract</jats:title>
                  <jats:sec>
                    <jats:title>Background</jats:title>
                    <jats:p>Semaglutide, liraglutide and tirzepatide are glucagon-like peptide-1 (GLP-1) receptor agonists that are effective for weight reduction. Recent reports of patients experiencing suicidal thoughts and other psychiatric adverse events while using GLP-1 agonists have raised concerns about the potential risk of self-harm and led the European Medicines Agency to investigate these medications.</jats:p>
                  </jats:sec>
                  <jats:sec>
                    <jats:title>Aim</jats:title>
                    <jats:p>To identify and analyse the psychiatric adverse events associated with semaglutide, liraglutide and tirzepatide.</jats:p>
                  </jats:sec>
                  <jats:sec>
                    <jats:title>Method</jats:title>
                    <jats:p>All individual case safety reports for semaglutide, liraglutide, and tirzepatide reported to the EudraVigilance database from 01/01/2021 to 30/05/2023 were analysed. Descriptive statistics were used to explore study population characteristics.</jats:p>
                  </jats:sec>
                  <jats:sec>
                    <jats:title>Results</jats:title>
                    <jats:p>During the study period, 31,444 adverse event reports were identified: semaglutide (n = 13,956; 44.4%), liraglutide (n = 16,748; 53.2%), and tirzepatide (n = 740; 2.3%). There were 372 reports with psychiatric adverse event reports (n = 372; 1.18%) with a total of 481 adverse events. Women accounted for 65% (n = 242) of these reports. Depression was the most commonly reported adverse event (n = 187; 50.3%), followed by anxiety (n = 144; 38.7%) and suicidal ideation (n = 73; 19.6%). Nine deaths (8 with liraglutide and 1 with semaglutide) and 11 life-threatening outcomes (4 associated with liraglutide and 7 with semaglutide) were reported. The fatal outcomes occurred primarily among men (8 out of 9) resulting from completed suicidal attempts and depression.</jats:p>
                  </jats:sec>
                  <jats:sec>
                    <jats:title>Conclusion</jats:title>
                    <jats:p>Psychiatric adverse events comprised only 1.2% of the total reports for semaglutide, liraglutide, and tirzepatide. However, the severity and fatal outcomes of some of these reports warrant further investigation.</jats:p>
                  </jats:sec>"
666102293,"Real‐world evidence on the utilization, clinical and comparative effectiveness, and adverse effects of newer
                    <scp>GLP</scp>
                    ‐
                    <scp>1RA</scp>
                    ‐based weight‐loss therapies",Reimar W. Thomsen and Aurélie Mailhac and Julie B. Løhde and Anton Pottegård,2025,"Diabetes, Obesity and Metabolism",10.1111/dom.16364,Excluded,wrong study design,"<jats:title>Abstract</jats:title>
                  <jats:sec>
                    <jats:label/>
                    <jats:p>Glucagon‐like peptide‐1 receptor agonists (GLP‐1RAs) have emerged as key agents for weight management, based on their marked efficacy as observed in randomized controlled trials. While still limited, real‐world studies on GLP‐1RA use in populations with obesity are increasingly available. This narrative review discusses contemporary real‐world evidence demonstrating the utilization, clinical and comparative effectiveness, and adverse effects of the currently approved GLP‐1RA‐based weight‐loss therapies, that is, liraglutide, semaglutide and tirzepatide. The observed weight reduction in clinical practice overall tends to be lower than in randomized controlled trials; however, outcomes approach those seen in trials when focusing on highly adherent patients. Real‐world studies demonstrate high discontinuation rates of GLP‐1RAs (20%–50%) within the first year, and the use of much lower doses than those evaluated in clinical trials. Evidence from observational studies within type 2 diabetes or obesity populations suggests frequent gastrointestinal disturbances in GLP‐1RA users, as also observed in trials, but no clear increase in risks of severe events like pancreatitis or pancreatic cancer, thyroid disorders, or depression and self‐harm. Further evidence is needed to understand possible real‐world associations of GLP‐1RAs with eye disease and other rare outcomes. We provide 10 areas of particular importance for further research on GLP‐1RA within the real‐world space, including improved understanding of the exact drivers of early discontinuation and suboptimal dosing, studies of the effects of stopping GLP‐1RA treatment, and investigations of clinical and cost‐effectiveness for hard clinical outcomes in real‐world settings, including not only cardio‐reno‐metabolic outcomes but also obesity‐induced diseases like neuropsychiatric disease, cancer, musculoskeletal disease, and infections.</jats:p>
                  </jats:sec>
                  <jats:sec>
                    <jats:title>Plain Language Summary</jats:title>
                    <jats:p>Recent advancements in weight‐loss medications have sparked a lot of interest. The so‐called GLP‐1 receptor agonist medications (GLP‐1RAs) have gained a lot of attention, because they have shown to be very effective, leading to significant weight loss in patients participating in clinical trials. GLP‐1RAs, like liraglutide, semaglutide, and tirzepatide, help manage weight by mimicking hormones that control blood sugar and appetite. However, how these medications perform in real life can be different from the controlled settings of clinical trials, in which patients are carefully selected and their treatment plans closely followed. This literature review looks at how these medications are used and their effectiveness and safety in real‐world settings. In real‐life practice, GLP‐1RAs are often less effective than in clinical trial conditions. This is usually because patients don't follow their medication plans as strictly as in trials. Real‐world data shows that many patients use lower doses and do not stick to their treatment as strictly as participants in a controlled trial might, leading to less weight loss. However, those who do follow their plans closely can achieve results similar to those in trials. A major issue with GLP‐1RAs is that many patients stop using them within the first year due to side effects or high costs of the medications, especially if not covered by insurance. Common side effects include nausea and digestive problems, which are the main reasons patients stop taking these treatments. These side effects are often manageable and decrease over time, and this reviews found no strong real‐world evidence that GLP‐1RAs cause severe side effects in many users. Despite these challenges, when GLP‐1RAs are used effectively and consistently, they show substantial benefits in weight loss, most so the newest medications semaglutide and tirzepatide. These medications are also likely to help manage and prevent weight‐related health conditions like type 2 diabetes and cardiovascular disease, but evidence for these beneficial outcomes is still scarce in real‐world settings. The review emphasizes the need for more research to understand why many patients stop using these medications and how to improve dosing. It also calls for studies on the long‐term effects of these therapies on various health outcomes, including mental health, cardiometabolic health, cancer, and rare conditions like eye diseases. Overall, while GLP‐1RAs are a valuable tool for weight management, their real‐world use requires careful consideration of individual patient factors, such as the ability to stick to treatment plans, manage side effects, and afford the medications. Further research will help make these treatments more effective for a wider range of people that need them.</jats:p>
                  </jats:sec>"
666102294,real-world-off-label-use-of-semaglutide-for-weight-reduction_mQo,,,,,Excluded,,
666102295,Semaglutide and Tirzepatide in a Remote Weight Management Program: 12-Month Retrospective Observational Study,Rebecca Richards and William Lunt and Michael Whitman and Giulia Spaltro and Rachel Hall,2025,JMIR Formative Research,10.2196/81912,Included,,"<jats:sec>
                    <jats:title>Background</jats:title>
                    <jats:p>Obesity affects &gt;890 million adults worldwide, and traditional lifestyle interventions often lack long-term success. While glucagonlike peptide-1 receptor agonists (GLP-1RAs) have shown strong weight loss outcomes, access to specialist care is limited by cost and capacity.</jats:p>
                  </jats:sec>
                  <jats:sec>
                    <jats:title>Objective</jats:title>
                    <jats:p>This study evaluated the effectiveness, feasibility, acceptability, and potential cost-effectiveness of a 12-month remote GLP-1RA–supported weight management program, comparing outcomes between tirzepatide and semaglutide.</jats:p>
                  </jats:sec>
                  <jats:sec>
                    <jats:title>Methods</jats:title>
                    <jats:p>This retrospective analysis included 339 participants (n=278, 82% women) who completed a 12-month remote weight management program using either tirzepatide (n=209, 61.7%) or semaglutide (n=130, 38.3%) between February and June 2024. The program combined medication, app-based behavioral support, coaching from registered dietitians and nutritionists, and clinical oversight. It featured 5 phases with evidence-based behavior change techniques, monthly monitoring, and safety protocols. Primary outcomes were mean weight change and proportions achieving ≥10% and ≥15% weight loss. Secondary outcomes included behavior changes, side effects, acceptability, feasibility, and estimated cost-effectiveness compared to National Health Service care.</jats:p>
                  </jats:sec>
                  <jats:sec>
                    <jats:title>Results</jats:title>
                    <jats:p>Mean weight change at 12 months was −22.9 kg (–22.1% of baseline weight, SD 8%; P&lt;.001) in the tirzepatide cohort and −18.1 kg (–17.1% of baseline weight, SD 8.1%; P&lt;.001) in the semaglutide cohort. Achievement of ≥10% weight loss occurred in 95.2% (199/209) of participants using tirzepatide and 83.1% (108/130) of participants using semaglutide, whereas ≥15% weight loss was achieved by 83.7% (175/209) and 56.2% (73/130) of the participants, respectively. The proportion of inactive participants (no weekly exercise) decreased substantially in both cohorts (tirzepatide: 31/209, 14.8% to 14/209, 6.7%; semaglutide: 29/130, 22.3% to 7/130, 5.4%; P&lt;.001). Side effects decreased significantly over the 12-month period, with participants who reported no side effects increasing from 41.6% (87/209) to 60.3% (126/209; P&lt;.001) in the tirzepatide cohort and from 53.8% (70/130) to 67.7% (88/130) in the semaglutide cohort (P=.02), whereas common initial side effects, including constipation, nausea, and fatigue, showed significant reductions (P&lt;.001). Economic modeling suggested a 60% to 70% cost saving compared to specialist weight management services and a 10% to 60% cost saving compared to primary care in the National Health Service.</jats:p>
                  </jats:sec>
                  <jats:sec>
                    <jats:title>Conclusions</jats:title>
                    <jats:p>This real-world evaluation demonstrates that remotely delivered, GLP-1RA–supported weight management programs can achieve weight loss outcomes that align closely with clinical trial results while potentially reducing health care costs by 10% to 70% compared to traditional UK services. Both the tirzepatide and semaglutide cohorts exceeded clinically significant weight loss thresholds with acceptable safety profiles and positive behavior changes. These findings support the feasibility and effectiveness of digital delivery models for expanding access to specialist obesity treatment within resource-constrained health care systems, with outcomes that compare favorably to pharmacological intervention alone.</jats:p>
                  </jats:sec>"
666102296,Semaglutide 2.4 mg Clinical Outcomes in Patients with Obesity or Overweight: A Real-World Retrospective Comparative Cohort Study,Aleksandrina Ruseva and Wojciech Michalak and Anthony Fabricatore and Bríain Ó. Hartaigh and Zhenxiang Zhao and Devika Umashanker,2025,Advances in Therapy,10.1007/s12325-025-03320-6,Included,,"This study compared the effectiveness of semaglutide 2.4 mg vs. no treatment with obesity medication (OM) for reducing weight and improving cardiometabolic risk factors among adults with obesity or overweight. This real-world, retrospective, observational cohort study included adults with obesity or overweight with ≥ 1 obesity-related complication treated with semaglutide 2.4 mg identified in a large US claims and medical record database (December 15, 2020, through May 30, 2024). Patients were matched 1:4 to non-treated patients using a propensity score (PS) model. Change in weight and body mass index (BMI) (primary outcomes) and changes in cardiometabolic risk factors (secondary outcomes; systolic blood pressure [SBP], diastolic blood pressure [DBP], glycated hemoglobin [HbA1c], high-density lipoprotein cholesterol [HDL-C], low-density lipoprotein cholesterol [LDL-C], and triglycerides) were assessed from baseline to 12 months. PS matching and generalized linear models were used to compare outcomes. A total of 8,857 semaglutide 2.4 mg-treated patients were matched to 35,428 non-treated patients. After matching, baseline characteristics between cohorts were well balanced in mean age (47.6 vs. 47.8 years), mean BMI (36.7 kg/m2 in both cohorts), and gender (76% vs. 77% female). Weight data were available for 4,038 and 1,186 patients in the non-treated and semaglutide cohort, respectively. Estimated treatment differences between cohorts showed the semaglutide 2.4 mg cohort had significantly greater percentage (− 15.0%) and absolute reduction in weight (– 15.7 kg), greater reduction in BMI (– 4.2 kg/m2), and significantly greater improvements in cardiometabolic risk factors, including SBP (– 6.7 mmHg), DBP (– 2.7 mmHg), HbA1c (– 0.5%), HDL-C (1.2 mg/dl), LDL-C (– 10.4 mg/dl), and triglycerides (– 34.3 mg/dl) at 12 months. In this real-world study, adults with obesity or overweight treated with semaglutide 2.4 mg had greater reductions in weight and improvements in cardiometabolic risk factors compared with patients not treated with OM at 12 months. A Graphical Abstract is available for this article. Semaglutide is a medicine that can help people lose weight and improve other health conditions. In this study, researchers looked at whether adult patients taking semaglutide 2.4 mg (Wegovy®) for 1 year lost weight and improved other health measurements, including cholesterol, triglycerides, and glycated hemoglobin (HbA1c) levels. The study included 8,857 adults treated with semaglutide 2.4 mg and 35,428 adults not treated with obesity medication. The study used information about doctor visits and insurance claims from a large health care database. At the start of the study, all patients had obesity or overweight, and the average age was 48 years. Seventy-seven percent (77%) of participants were female, and 23% were male. The study found that among 5,224 patients with weight data available, those taking semaglutide 2.4 mg for 1 year had greater weight loss than patients not taking obesity medication. Compared with patients who did not take obesity medication, patients taking semaglutide 2.4 mg lost 15.7 kg (34.6 pounds) more on average. In addition, compared with patients not taking obesity medication, patients taking semaglutide 2.4 mg for 1 year had greater improvements in systolic and diastolic blood pressure. They also had lower triglycerides, lower low-density lipoprotein cholesterol, higher high-density lipoprotein cholesterol, and lower HbA1c levels."
666102297,Semaglutide 2.4 mg long-term clinical outcomes in patients with obesity or overweight: a real-world retrospective cohort study in the United States (SCOPE 12 months),Aleksandrina Ruseva and Firas Dabbous and Nina Ding and Anthony Fabricatore and Samuel Huse and Wojciech Michalak and Beth Nordstrom and Bríain Ó Hartaigh and Zhenxiang Zhao and Devika Umashanker,2025,Postgraduate Medicine,10.1080/00325481.2025.2482274,Included,,"Objectives To evaluate the effectiveness of semaglutide 2.4 mg for weight reduction and improvement in cardiometabolic biomarkers at 52 and 68 weeks in a real-world setting in the United States.Methods This noninterventional, retrospective cohort study used the Komodo Health database and included adults with obesity or overweight with ≥ 1 weight-related condition who initiated treatment with semaglutide 2.4 mg between June 2021 and August 2022 and remained on treatment for 1 year. A paired t-test was used to assess changes in weight, body mass index (BMI), and cardiometabolic biomarkers (systolic blood pressure [SBP], diastolic blood pressure [DBP], glycated hemoglobin [HbA1c], HDL [high-density lipoprotein] cholesterol, LDL [low-density lipoprotein] cholesterol, and triglycerides) from baseline to 52-week and 68-week follow-up.Results Among 4,424 eligible patients, 77% were women and the mean (SD) age was 46.7 (10.0) years and BMI was 36.6 (3.6) kg/m2. Dyslipidemia and hypertension were the most common obesity-related comorbidities at baseline. The mean (%) change in weight from baseline was –15.5 kg (–14.5%; p < 0.001; n = 594) at 52 weeks and –15.9 kg (–14.8%; p < 0.001; n = 391) at 68 weeks. The mean change in BMI from baseline was −4.8 kg/m2 (n = 1124) at 52 weeks and −4.9 kg/m2 (n = 700) at 68 weeks. At 52-weeks, statistically significant improvements in mean values were observed for SBP (–6.3 mmHg), DBP (–3.1 mmHg), HbA1c (–0.4%), LDL cholesterol (–8.1 mg/dL), and triglycerides (–38.4 mg/dL) (all p < 0.001). Mean change at 52 weeks for HDL cholesterol was 1.0 mg/dL; p = 0.109. Results at 68 weeks were similar.Conclusions In this retrospective cohort study, the real-world effectiveness of semaglutide 2.4 mg was demonstrated by reductions in weight and BMI along with improvements in BP, HbA1c, and lipid panel among patients with obesity or overweight."
666102298,Semaglutide and Tirzepatide for the Management of Weight Recurrence After Sleeve Gastrectomy: A Retrospective Cohort Study,Mohammad Jamal and Mohsen Alhashemi and Carol Dsouza and Sara Al-hassani and Wafa Qasem and Sulaiman Almazeedi and Salman Al-Sabah,2024,Obesity Surgery,10.1007/s11695-024-07137-0,Excluded,wrong population,
666102301,Semaglutide and Tirzepatide in Patients With Heart Failure With Preserved Ejection Fraction,Nils Krüger and Sebastian Schneeweiss and Kenshiro Fuse and Sofiya Matseyko and Sushama Kattinakere Sreedhara and Georg Hahn and Heribert Schunkert and Shirley V. Wang,2025,JAMA,10.1001/jama.2025.14092,Included,,"<jats:sec>
                    <jats:title>Importance</jats:title>
                    <jats:p>Heart failure with preserved ejection fraction (HFpEF) is a major cause of hospitalization, often occurring in patients with cardiometabolic comorbidities such as obesity and type 2 diabetes. Although early trials of semaglutide and tirzepatide have shown promising results in improving symptoms, those findings were based on few clinical events, leaving treatment recommendations uncertain.</jats:p>
                  </jats:sec>
                  <jats:sec>
                    <jats:title>Objective</jats:title>
                    <jats:p>To evaluate the effectiveness and safety of semaglutide and tirzepatide in patients with cardiometabolic HFpEF in clinical practice.</jats:p>
                  </jats:sec>
                  <jats:sec>
                    <jats:title>Design, Setting, and Participants</jats:title>
                    <jats:p>Five cohort studies using national US health care claims data from 2018 to 2024. Two cohort studies emulated the STEP-HFpEF DM (semaglutide) and SUMMIT (tirzepatide) trials to benchmark results. Eligibility criteria were then expanded to evaluate treatment effects in patients typically treated in clinical practice. Finally, a head-to-head comparison of tirzepatide and semaglutide was implemented. Follow-up was up to 52 weeks.</jats:p>
                  </jats:sec>
                  <jats:sec>
                    <jats:title>Exposures</jats:title>
                    <jats:p>New use of semaglutide, tirzepatide, or sitagliptin as a placebo proxy.</jats:p>
                  </jats:sec>
                  <jats:sec>
                    <jats:title>Main Outcomes and Measures</jats:title>
                    <jats:p>The primary end point was a composite of hospitalization for heart failure or all-cause mortality. Negative control outcomes, secondary end points, subgroups, and sensitivity analyses were prespecified. Hazard ratios (HRs) and 95% confidence intervals (CIs) were estimated by fitting proportional hazards models with propensity score weighting to adjust for a comprehensive set of pretreatment patient characteristics.</jats:p>
                  </jats:sec>
                  <jats:sec>
                    <jats:title>Results</jats:title>
                    <jats:p>Benchmarking of the 2 trial emulations demonstrated high agreement on all prespecified metrics. In analyses using expanded eligibility criteria, 58 333 patients were included in the semaglutide vs sitagliptin cohort, 11 257 for tirzepatide vs sitagliptin, and 28 100 for tirzepatide vs semaglutide. Initiators of semaglutide (HR, 0.58 [95% CI, 0.51-0.65]) and tirzepatide (HR, 0.42 [95% CI, 0.31-0.57]) had substantially lower risk of the primary end point compared with sitagliptin. Tirzepatide had no meaningfully lowered risk compared with semaglutide (HR, 0.86 [95% CI, 0.70-1.06]). Negative controls, secondary end points, subgroups, and sensitivity analyses showed consistent results. No substantially increased risk was observed for select safety end points.</jats:p>
                  </jats:sec>
                  <jats:sec>
                    <jats:title>Conclusions and Relevance</jats:title>
                    <jats:p>In patients with cardiometabolic HFpEF, semaglutide and tirzepatide showed more than 40% risk reduction for the composite of hospitalization for heart failure or all-cause mortality compared with a placebo proxy. Tirzepatide showed no meaningful benefit over semaglutide.</jats:p>
                  </jats:sec>
                  <jats:sec>
                    <jats:title>Trial Registration</jats:title>
                    <jats:p>
                      ClinicalTrials.gov Identifiers:
                      <jats:ext-link xmlns:xlink=""http://www.w3.org/1999/xlink"" ext-link-type=""uri"" xlink:href=""https://www.clinicaltrials.gov/study/NCT06914102"">NCT06914102</jats:ext-link>
                      ,
                      <jats:ext-link xmlns:xlink=""http://www.w3.org/1999/xlink"" ext-link-type=""uri"" xlink:href=""https://www.clinicaltrials.gov/study/NCT06914154"">NCT06914154</jats:ext-link>
                      ,
                      <jats:ext-link xmlns:xlink=""http://www.w3.org/1999/xlink"" ext-link-type=""uri"" xlink:href=""https://www.clinicaltrials.gov/study/NCT06914141"">NCT06914141</jats:ext-link>
                    </jats:p>
                  </jats:sec>"
666102304,"Predicting Long-Term Weight Loss Using Self-Reported, Digitally Collected, Real-World Data After Initiation of Semaglutide for Overweight or Obesity",Kristine FærchMikel M. GomesMaja BrammingMads R. SørensenAnders Strathe,2026,Advances in Therapy,10.1007/s12325-026-03507-5,Excluded,,
666102305,Semaglutide drives weight loss through cAMP-dependent mechanisms in GLP1R-expressing hindbrain neurons,Claire GaoIsabelle C. GeneveShakira Rodriguez-GonzalezChia LiKaitlyn McElhernMarc L. ReitmanAndre...,2026,Nature Metabolism,10.1038/s42255-026-01534-8,Excluded,,
666102306,"Efficacy of GLP-1 analog peptides, semaglutide, tirzepatide, and retatrutide on MC4R deficient obesity and their comparison",Kosuke HitakaTakumi SugawaraMitsuharu MatsumotoYasunori Nio,2026,International Journal of Obesity,10.1038/s41366-026-02025-2,Excluded,,
666102307,Dual activation of MC3R and MC4R drives weight loss and reduces food intake in male primates with obesity,Jillian L. SeilerAnna C. ImpastatoEmma Xiaoyu ZhangKade J. KelleyThomas L. BennettBradley Studnit...,2026,Nature Communications,10.1038/s41467-026-73372-x,Excluded,,
666102308,Bariatric surgery and semaglutide in a youth with juvenile Huntington disease and severe obesity: a case report,Alaina P. VidmarMatthew J. MartinStuart AbelAimee G. KimCynthia E. MuñozMadeleine WeitznerSabrina...,2025,Journal of Medical Case Reports,10.1186/s13256-025-05615-2,Excluded,,
666102309,Real-world use of submaximal doses of long-acting GLP-1 receptor agonist semaglutide in patients with obesity: a prospective observational study,Zuzana MiertováPatrik LeckýBoris FockoTomáš BolekMartin Jozef PéčJakub JuricaNorbert NagyPeter Ga...,2026,Scientific Reports,10.1038/s41598-026-56147-8,Included,,
666102310,Semaglutide alleviates knee osteoarthritis pain in persons with obesity,Yahyah Aman,2025,Nature Aging,10.1038/s43587-025-00809-1,Excluded,,
666102311,Repeated semaglutide treatment attenuates cocaine-vs-food choice in male and female rats,Nicholas HeslepSamuel A. MarshMatthew L. Banks,2026,Neuropsychopharmacology,10.1038/s41386-026-02386-2,Excluded,,
666102312,Retrospective Assessment of Food Noise Changes After Initiation of Injectable Semaglutide for Weight Management in the USA: The INFORM Survey,Timothy ArnautShannon DuncanMads FaurbyJulie Hviid Hahn-PedersenKajsa KvistNele SteenackersJohn B...,2026,Advances in Therapy,10.1007/s12325-026-03636-x,Excluded,,
666102313,Intentional Preoperative Weight Loss for Obesity in Patients Undergoing Gastrointestinal Cancer Resections: A Systematic Review and Meta-analysis,Rathin GosaviMehri Anayatullah RasooliNoel LeonKousitha SivayoganDion KohJason HongVignesh Narasi...,2026,Journal of Gastrointestinal Cancer,10.1007/s12029-026-01405-1,Excluded,wrong study design,
666102314,Obesity-induced and weight-loss-induced physiological factors affecting weight regain,Marleen A. van BaakEdwin C. M. Mariman,2023,Nature Reviews Endocrinology,10.1038/s41574-023-00887-4,Excluded,,
666102315,CagriSema drives weight loss in rats by reducing energy intake and preserving energy expenditure,Julie Mie JacobsenJens Frey HallingIda BlomJaime Moreno MartinezBjørn HaldKent PedersenJohannes J...,2025,Nature Metabolism,10.1038/s42255-025-01324-8,Excluded,,
666102316,Non-incretin approach for weight loss,Sarah Crunkhorn,2026,Nature Reviews Drug Discovery,10.1038/d41573-026-00048-y,Excluded,,
666102317,Perioperative bronchoaspiration in a semaglutide user on a residue-free diet: a case report and insights from a complication,Leonardo Barbosa SantosLeopoldo Muniz da SilvaSaullo Q. SilveiraRafael S. F. NersessianGiulia D. ...,2025,Perioperative Medicine,10.1186/s13741-025-00603-y,Excluded,,
666102318,Obesity and Olfaction,Lorenzo D. StaffordCarl Philpott,2024,"Smell, Taste, Eat: The Role of the Chemical Senses in Eating Behaviour",10.1007/978-3-031-41375-9_6,Excluded,,
666102319,Semaglutide is beneficial in patients with HFpEF and obesity,Irene Fernández-Ruiz,2023,Nature Reviews Cardiology,10.1038/s41569-023-00935-6,Excluded,,
666102320,Overweight and obesity significantly increase colorectal cancer risk: a meta-analysis of 66 studies revealing a 25–57% elevation in risk,Zoltan UngvariMónika FeketePeter VargaAndrea LehoczkiJános Tibor FeketeAnna UngvariBalázs Győrffy,2024,GeroScience,10.1007/s11357-024-01375-x,Excluded,wrong study design,
666102321,Weight loss ameliorates symptoms of osteoarthritis and is correlated with alterations in soluble bone and cartilage markers: an analysis of patient-reported outcomes and biomarkers,Anne-Christine Bay-JensenKhaled MohamedPeder FrederiksenAsger BihletChristian ThudiumKim Henrikse...,2026,BMC Rheumatology,10.1186/s41927-026-00628-w,Excluded,,
666102322,Multicenter Retrospective Analysis of Consecutive Swallowable Gastric Balloon Treatments in a Community Obesity Care Setting,Adelardo CaballeroCristiano GiardielloGiovanni QuartararoAndrea FormigaMichele RosaRita Schiano d...,2025,Obesity Surgery,10.1007/s11695-025-08311-8,Excluded,,
666102329,Stopgap Measures for Obesity Prior to Surgery,Nagesh KamatAmit MaydeoGaurav PatilAnkit DalalAmol VadgaonkarSanil Parekh,2024,Current Gastroenterology Reports,10.1007/s11894-024-00933-9,Excluded,,
666102332,Leucine supplementation modulates body composition and early weight rebound during GLP-1 receptor agonist therapy in diet-induced obese mice,Ze-Wei Zhao,2026,Journal of Endocrinological Investigation,10.1007/s40618-026-02896-2,Excluded,,
666102334,The effect of endoscopic transoral outlet reduction (TORe) on weight recidivism and insufficient weight loss following one-anastomosis gastric bypass (OAGB).,Fadi KinaaniWinnie MathurRelly ReicherMohit BhandariNathaniel Aviv CohenShai Meron EldarAdam Abu-...,2026,Langenbeck's Archives of Surgery,10.1007/s00423-026-04021-6,Excluded,,
666102335,Childhood obesity: tackling the social divide,Eoin FitzgeraldOrla WalshJohn Fitzsimons,2025,Pediatric Research,10.1038/s41390-025-04122-w,Excluded,,
666102336,Emotional Eating and Obesity: An Update and New Insights,Abby BradenErica AhlichAfton M. Koball,2025,Current Obesity Reports,10.1007/s13679-025-00661-9,Excluded,,
666102339,Semaglutide,,2024,Reactions Weekly,10.1007/s40278-024-62032-0,Excluded,,
666102340,The nonsteroidal anti-inflammatory drug sulindac reverses obesity-driven immunosuppression and triple-negative breast cancer progression,Michael F. ColemanShannon B. McDonellLydia K. EisenbeisEmily N. DevericksJobin ChandiOm DaveJane ...,2025,Breast Cancer Research,10.1186/s13058-025-02134-2,Excluded,,
666102341,Intersection between Eating Disorders and Obesity in Youth: Implications for Treatment,Alyssa M. ButtonAlicia PersaudAnna B. TannerKatherine N. BalantekinMarian Tanofsky-KraffHiba Jebe...,2025,Current Obesity Reports,10.1007/s13679-025-00664-6,Excluded,,
666102342,Anti-obesity medication use sparks effort-based sanctions and social penalties,Tassilo T. TissotLeopold H. O. Roth,2026,Scientific Reports,10.1038/s41598-026-42166-y,Excluded,,
666102343,GLP1-RA and Pediatric Populations: Psychosocial Issues and Eating Disorder Treatment Approaches for Co-Morbid Obesity and Eating Disorders,Susan M. HimesStephanie SoggJennifer LaurettiNoreen A. Reilly-Harrington,2025,Current Pediatrics Reports,10.1007/s40124-025-00366-6,Excluded,,
666102344,A Single Center Comparison of Obesity Management Medications and Metabolic Bariatric Surgery in Patients with Left Ventricular Assist Device and Obesity,Eden SinghChristina LindsayCathlyn MedinaPaula RambaratMarat FudimNeha PagidipatiLaura BlueKevin ...,2026,Obesity Surgery,10.1007/s11695-025-08464-6,Excluded,,
666102345,GLP-1 guidelines amid an obesity epidemic: a poor fit for the Global South,Rechel ShrisunderVid Karmarkar,2026,Archives of Public Health,10.1186/s13690-026-01883-6,Excluded,,
666102346,Unprescribed online semaglutide products falsified,,2024,Reactions Weekly,10.1007/s40278-024-64807-7,Excluded,,
666102347,"Bilateral Subdiaphragmatic Vagal Nerve Stimulation Using a Novel Waveform Decreases Body Weight, Food Consumption, Adiposity, and Activity in Obesity-Prone Rats",Monique LeinenElise F. GrandyLourdes M. Ubeira GebelTahimi Machin SantanaAmanda L. RodriguezSundi...,2023,Obesity Surgery,10.1007/s11695-023-06957-w,Excluded,,
666102348,"Time, money, and weight loss: a qualitative study exploring patients’ perspectives on randomization for bariatric surgery vs. an intensive non-surgical weight loss program",Sofie Amalie Tomova-OlsenMarius Brostrøm KousgaardKatrine Tranberg JensenSusanne ReventlowAnn-Kat...,2025,Trials,10.1186/s13063-025-08816-8,Excluded,,
666102349,Metabolic alliance: pharmacotherapy and exercise management of obesity,Javier ButragueñoJonatan R. Ruiz,2024,Nature Reviews Endocrinology,10.1038/s41574-024-01006-7,Excluded,,
666102350,Obesity as a Chronic Disease: The Need for Long-Term Follow-Up Postoperatively,Jesse Richards,2024,The SAGES Manual of Metabolic and Bariatric Surgery,10.1007/978-3-031-72309-4_13,Excluded,,
666102351,How to keep weight off after obesity drugs,Elie Dolgin,2025,Nature,10.1038/d41586-025-01770-0,Excluded,,
666102352,Anti-obesity medications: gastrointestinal adverse events common,,2025,Reactions Weekly,10.1007/s40278-025-77390-3,Excluded,,
666102353,"The dual amylin and calcitonin receptor agonist KBP-336 elicits a unique combination of weight loss, antinociception and bone protection – a novel disease-modifying osteoarthritis drug",Khaled Elhady MohamedAnna Thorsø LarsenSimone MelanderFrederik AndersenEllen Barendorff KerrnMort...,2024,Arthritis Research & Therapy,10.1186/s13075-024-03361-2,Excluded,,
666102354,Comparative efficacy and safety of antidiabetic drugs for obese patients with knee osteoarthritis: a network meta-analysis of randomized controlled trials,Guangyao JiangXiangyu YangGuanghui ZhuTang Liu,2025,Aging Clinical and Experimental Research,10.1007/s40520-025-03017-4,Excluded,wrong study design,
666102355,Why obesity drugs work better for some people: these genes hold clues,Mariana Lenharo,2026,Nature,10.1038/d41586-026-01107-5,Excluded,,
666102356,Facial aging after GLP-1 receptor agonist–induced weight loss: the emerging Ozempic face phenomenon,Salih Kılıç,2025,Journal of Diabetes & Metabolic Disorders,10.1007/s40200-025-01778-3,Excluded,,
666102357,Endoscopic Ultrasound-guided Jejunocolostomy for Management of Refractory Severe Obesity in a Post-gastric Bypass Patient,Kartik SampathKamal M. HassanEnad DawodMichael MintzMohamad-Noor Abu-HammourMalorie SimonsReem Z....,2024,Obesity Surgery,10.1007/s11695-024-07276-4,Excluded,,
666102358,Emergency imaging of complications related to obesity treatments,Ester Carballo-Cuevas¹Angel Nava-Muñoz¹Alvaro Rueda-de-EusebioElena Luque-Beltrán¹Alejandro Vera-...,2026,Emergency Radiology,10.1007/s10140-026-02468-0,Excluded,,
666102359,Popularity of Surgical and Pharmacological Obesity Treatment Methods Searched by Google Users: the Retrospective Analysis of Google Trends Statistics in 2004–2022,Mikołaj KamińskiMaja Miętkiewska-DoleckaMatylda Kręgielska-NarożnaPaweł Bogdański,2023,Obesity Surgery,10.1007/s11695-023-06971-y,Excluded,,
666102360,A call to update anesthetic protocols: the hidden risks of semaglutide,Leonardo B. SantosRafael S. F. NersessianSaullo Q. SilveiraLeopoldo M. SilvaGiulia D. MatheusBian...,2024,Canadian Journal of Anesthesia/Journal canadien d'anesthésie,10.1007/s12630-024-02774-6,Excluded,,
666102361,A cross-species atlas of the dorsal vagal complex reveals neural mediators of the effects of cagrilintide on energy balance,Mette Q. LudwigBernd CoesterDesiree GordianShad HassanAbigail J. TomlinsonMouhamadoul Habib Toure...,2026,Nature Metabolism,10.1038/s42255-026-01539-3,Excluded,,
666102362,An obesity drug for heart failure,Karen O’Leary,2023,Nature Medicine,10.1038/s41591-023-02711-y,Excluded,,
666102363,NMDA receptor antagonist coupled to GLP1 analogue in highly effective experimental weight loss drug,Olivia Tysoe,2024,Nature Reviews Endocrinology,10.1038/s41574-024-01007-6,Excluded,,
666102364,Obesity: exploring its connection to brain function through genetic and genomic perspectives,Sadia SaeedAmélie BonnefondPhilippe Froguel,2024,Molecular Psychiatry,10.1038/s41380-024-02737-9,Excluded,,
666102365,Endoscopic Sleeve Gastroplasty for Obesity Management Should Also Be a Consideration in Patients Unsuitable for Anti-obesity Medications,Akheel A. SyedJames BrittonArash AssadsangabiNoor MohammedJaved Sultan,2025,Obesity Surgery,10.1007/s11695-025-07717-8,Excluded,,
666102366,Dual-action obesity drug rewires brain circuits for appetite,Tyler M. CookDarleen Sandoval,2024,Nature,10.1038/d41586-024-01352-6,Excluded,,
666102367,Weight-loss-drug pioneer: this biochemist finally gained recognition for her work,Elie Dolgin,2023,Nature,10.1038/d41586-023-03927-1,Excluded,,
666102368,Policy analysis of system responses to addressing and reversing the obesity trend in China: a documentary research,Yan XueZhen RuanCarolina Oi Lam UngYunfeng LaiHao Hu,2023,BMC Public Health,10.1186/s12889-023-15890-7,Excluded,,
666102369,Experimental obesity drug packs double punch to reduce weight,Asher Mullard,2024,Nature,10.1038/d41586-024-01433-6,Excluded,,
666102370,A Computational Trial of Dermal Mechanotransduction in GLP-1 Receptor Agonist–Associated Premature Facial Ageing,Eqram RahmanWilliam Richard WebbJean D. A. Carruthers,2026,Aesthetic Plastic Surgery,10.1007/s00266-026-05973-2,Excluded,,
666102371,Beyond the scale: redefining success in obesity drug market,,2025,Nature Research Custom,10.1038/d42473-024-00476-7,Excluded,,
666102372,Phentermine in the Modern Era of Obesity Pharmacotherapy: Does It Still Have a Role in Treatment?,Kristina H. LewisKimberly A. GudzuneJamy D. Ard,2024,Current Obesity Reports,10.1007/s13679-023-00546-9,Excluded,,
666102373,Enhancing obesity management in primary care: the role of registered dietitian nutritionists,Brian BurroughsMichaeleen BurroughsTamim Rajjo,2025,International Journal of Obesity,10.1038/s41366-025-01786-6,Excluded,,
666102374,Breaking Ground: From CPAP Treatment to the First Medicine for OSA Patients with Obesity,Daniil LisikDing Zou,2025,Current Pulmonology Reports,10.1007/s13665-024-00365-w,Excluded,,
666102375,The Effect of Metabolic and Bariatric Surgery on Patients with Idiopathic Intracranial Hypertension; A Systematic Review and Meta-analysis,Mahsa RadboyAli EsparhamMahta Shari’at MoghaniNegar EinafsharMohammad Javad GhamariTooraj Zandbaf,2025,Obesity Surgery,10.1007/s11695-025-08068-0,Excluded,wrong study design,
666102376,Glucagon-Like Peptide-1 Receptor Agonists in Post-bariatric Surgery Patients: A Systematic Review and Meta-analysis,Deep DuttaLakshmi NagendraAmeya JoshiSuryashri KrishnasamyMeha SharmaNaresh Parajuli,2024,Obesity Surgery,10.1007/s11695-024-07175-8,Excluded,wrong study design,
666102377,Impact of tongue fat volume on obstructive sleep apnea in non-obese patients,Michael I. OrestesKenneth R. FeehsGregory S. HillRobert ShihJacob F. CollenEmily A. MontgomeryKat...,2025,Scientific Reports,10.1038/s41598-025-08747-z,Excluded,,
666102378,Causes of sarcopenia and frailty in people taking GLP1RAs,Henning T. LangerAniket S. JoshiUrsula Müller-WerdanKristina Norman,2026,Nature Reviews Endocrinology,10.1038/s41574-026-01254-9,Excluded,,
666102379,A False Dichotomy: Rethinking the Debate Around Pharmacotherapy vs Bariatric Metabolic Surgery in Obesity Treatment,Larne Jones-WhitingMohammed AradaibKamal Mahawar,2024,Obesity Surgery,10.1007/s11695-024-07537-2,Excluded,,
666102380,"HS, Diet and Lifestyle",Madeline TchackMeha AggarwalCindy Wassef,2026,Clinical Cases in Hidradenitis Suppurativa,10.1007/978-3-032-15200-8_4,Excluded,,
666102381,Dissociable hindbrain GLP1R circuits for satiety and aversion,Kuei-Pin HuangAlisha A. AcostaMisgana Y. GhidewonAaron D. McKnightMilena S. AlmeidaNathaniel T. N...,2024,Nature,10.1038/s41586-024-07685-6,Excluded,,
666102382,Two receptors are better than one for AI-designed obesity drugs,,2024,Nature,10.1038/d41586-024-01399-5,Excluded,,
666102383,Cellular loci for cagrilintide action identified,Zsofia HevesiTibor Harkany,2026,Nature Metabolism,10.1038/s42255-026-01541-9,Excluded,,
666102384,Obesity increases the surgical complexity and risk of recurrence after midline primary ventral hernia repair: results on 2307 patients from the French Society of hernia surgery (SFCP-CH) registry database,J. TurmineA.-M. FlorenceC. TardivonG. PassotJ.-F. GillionD. MoszkowiczFlorent JurczakGérard Fromo...,2023,Hernia,10.1007/s10029-023-02875-z,Excluded,,
666102385,Consider co-occurring conditions when selecting pharmacological treatment options for binge eating disorder,Michael B. Brown,2025,Drugs & Therapy Perspectives,10.1007/s40267-025-01171-3,Excluded,,
666102386,Exploratory Machine Learning Methods to Assess a Novel Individualized Lifestyle Intervention on Weight and Body Composition with or Without a Swallowable Intragastric Balloon,Ioanna PaganiMaria SyedShruthi RajkumarMichael BellIoannis StriftisAnastasios TsechpenakisYannis ...,2025,Obesity Surgery,10.1007/s11695-025-08336-z,Excluded,,
666102387,Obstructive Sleep Apnea,Aarti ShakkottaiManahil Firdaus,2025,Sleep Disorders in Children,10.1007/978-3-031-92166-7_9,Excluded,,
666102388,"After obesity drugs’ success, companies rush to preserve skeletal muscle",Carrie Arnold,2024,Nature Biotechnology,10.1038/s41587-024-02176-5,Excluded,,
666102389,Weight gain under antipsychotic and mood stabilizing treatment: a narrative review about mechanisms and future options,Hilda T. SeiterFrederike T. FellendorfDarja PopkovaEva Z. Reininghaus,2025,International Journal of Bipolar Disorders,10.1186/s40345-025-00397-4,Excluded,,
666102390,Tirzepatide improves neutrophilic inflammation in obese asthmatic mice by downregulating Th17 cell differentiation,Lu SunSu-Yan YaoZhong-Fu ZuoSheng-Xue YuHong-Dan YuQing-Lin SunHan-Song ZhengYang HouSi-Jing LuTi...,2025,Molecular Biology Reports,10.1007/s11033-025-11366-6,Excluded,,
666102391,Global Variability in Children and Adolescent Metabolic Bariatric Surgery Guidelines: A Worldwide IFSO&#xa0;Survey,Juan Pujol-RafolsDaniel M. FelsenreichJúlia Carmona‐MauriciGerhard PragerRicardo V. CohenNatan Zu...,2026,Obesity Surgery,10.1007/s11695-026-08743-w,Excluded,,
666102392,Characterization of prevalent genetic variants in the Estonian Biobank body-mass index GWAS,Erik AbnerKanwal BatoolNele TabaTiit NikopensiusKristi LällAnastasiia AlekseienkoAnders ErikssonJ...,2025,Nature Communications,10.1038/s41467-025-64006-9,Excluded,,
666102393,Daily briefing: Blockbuster anti-obesity drug Wegovy slashes heart-attack risk,Katrina Krämer,2023,Nature,10.1038/d41586-023-02579-5,Excluded,,
666102394,Weighing in on the incretin revolution,,2026,Nature Metabolism,10.1038/s42255-026-01490-3,Excluded,,
666102395,Improvement in diastolic dysfunction after bariatric and metabolic surgery is associated with enhanced nitric oxide activity,Sarah SuhMatthew BaronZachary BiceJoy LincolnTammy Kindel,2025,Surgical Endoscopy,10.1007/s00464-025-11948-2,Excluded,,
666102396,Muscle mass loss during GLP1 receptor agonist therapy prevented with GDF8 and activin A blockade,Olivia Tysoe,2025,Nature Reviews Endocrinology,10.1038/s41574-025-01140-w,Excluded,,
666102397,Daily briefing: Hunter-gatherers in Europe’s ‘water world’ resisted the switch to farming for millennia,Jacob Smith,2026,Nature,10.1038/d41586-026-00465-4,Excluded,,
666102398,Appetite and its Regulation: Are there Palatable Interventions for Heart Failure?,Matthew M. Y. LeeMichael E. J. LeanNaveed SattarMark C. Petrie,2023,Current Heart Failure Reports,10.1007/s11897-023-00637-7,Excluded,,
666102399,Effect of GLP1-R agonist on osteoarthritis in mice,Alexandra Le Bras,2026,Lab Animal,10.1038/s41684-026-01700-1,Excluded,,
666102400,Obesity treatments gather momentum,Karen O’Leary,2022,Nature Medicine,10.1038/s41591-022-02149-8,Excluded,,
666102401,‘Brain dial’ turns food consumption on or off in mice,Amanda Heidt,2025,Nature,10.1038/d41586-025-02871-6,Excluded,,
666102402,The effects of housing temperature on mouse physiology and implications for disease modeling,Annalaura BellucciBradley J. BaranowskiDavid C. Wright,2026,Lab Animal,10.1038/s41684-026-01696-8,Excluded,,
666102403,Be mindful of additional risks when using guideline-directed medical therapy to treat heart failure with preserved ejection fraction in older adults,Aisling McGuigan,2026,Drugs & Therapy Perspectives,10.1007/s40267-026-01226-z,Excluded,,
666102404,Carnitine biosynthesis governs fuel switching,Kyounghee MinPhilipp E. Scherer,2026,Cell Research,10.1038/s41422-026-01229-5,Excluded,,
666102405,"Mitochondrial Function and Dysfunction in Female Fertility: Biological Mechanisms, Genetic Determinants, and Therapeutic Opportunities – A Review",Sahana NagarajuSyed Sagheer AhmedBharathi Doddlu RaghunathnaiduMohammad Ali,2026,Reproductive Sciences,10.1007/s43032-026-02113-8,Excluded,,
666102406,Wegovy approved for MASH,,2025,Nature Biotechnology,10.1038/s41587-025-02828-0,Included,,
666102407,Weighing In: The Use of Glucagon-Like Peptide-1 Receptor Agonists in Inflammatory Bowel Disease,Laura C. SahyounJill K. J. Gaidos,2025,Digestive Diseases and Sciences,10.1007/s10620-025-09515-9,Excluded,,
666102408,The Role of Glucagon-like Peptide 1 Receptor Modulators for the Management of Dumping Syndrome in Patients Who have Undergone Metabolic and Bariatric Surgery: a Scoping Review,Madeline Rogers-SeeleyNatalie GuineyKhang Duy Ricky Le,2026,Obesity Surgery,10.1007/s11695-026-08587-4,Excluded,wrong study design,
666102409,"Biologic, Off-label, and Pipeline Therapies for HS",Milaan ShahGraham H. LitchmanJames Q. Del Rosso,2026,Clinical Cases in Hidradenitis Suppurativa,10.1007/978-3-032-15200-8_24,Excluded,,
666102410,Impact of glucagon-Like peptide-1 agonists in optimizing abdominal wall Reconstruction patients,Daniel TranDaylon A. FariasMathew TannerMonica MarroquinRachel S. JefferiesGerald O. OgolaSantiag...,2024,Hernia,10.1007/s10029-024-03214-6,Excluded,,
666102411,Daily briefing: Static electricity is still a mystery — here’s what we know,Jacob Smith,2026,Nature,10.1038/d41586-026-00904-2,Excluded,,
666102412,Multiple drugs,,2025,Reactions Weekly,10.1007/s40278-025-77235-y,Excluded,,
666102413,Brainstem BDNF neurons are downstream of GFRAL/GLP1R signalling,Claire H. FeethamValeria CollabollettaAmy A. WorthRosemary ShoopSam GroomCourt HardingMehdi Bouta...,2024,Nature Communications,10.1038/s41467-024-54367-y,Excluded,,
666102414,The Effectiveness and Safety of Exenatide Versus Metformin in Patients with Polycystic Ovary Syndrome: A Meta-Analysis of Randomized Controlled Trials,Zheng-Rong YeCan-Qun YanNianchun LiaoSi-Hua Wen,2023,Reproductive Sciences,10.1007/s43032-023-01222-y,Excluded,wrong drug; wrong study design,
666102415,On the Study of Early Post-Surgical Pharmacotherapy: A Note on Interpretation,Shuqiong LiYunxiang LiYi ZhouJianjun Wang,2025,Obesity Surgery,10.1007/s11695-025-08042-w,Excluded,,
666102416,Multicomponent Online Intervention Improves Sarcopenia-Related Traits Following Long-Term Metabolic Bariatric Surgery: A Randomized Clinical Trial,Gabriela Sousa de OliveiraAriene Silva do CarmoSimone Gonzaga do CarmoPatrícia Borges BotelhoRica...,2026,Obesity Surgery,10.1007/s11695-026-08742-x,Excluded,,
666102417,Letter to the Editor: Critical Appraisal of Methodological Considerations in “Surgical Outcomes in Patients with Preoperative GLP-1 Therapy”,Haleema Muhammad ShahAnousheh MalakZahra ShujaFareeha NiamatShanzeh Malak,2025,Obesity Surgery,10.1007/s11695-025-08238-0,Excluded,,
666102418,Cobicistat/Triamcinolone,,2025,Reactions Weekly,10.1007/s40278-025-90160-x,Excluded,,
666102419,Computational-experimental study reveals direct target and bioactives of <i>Ajania fruticulosa</i> against NAFLD via TLR2/NF-κB/PPAR-γ signaling,Chaoyue ChenLisha MaAwaguli DawutiXin FengShujie ChenXueyan AnYulan BaiTianfeng ZhangMamatjan Ayd...,2026,npj Science of Food,10.1038/s41538-026-00722-w,Excluded,,
666102420,<b>Genetics and GLP-1 drug responses</b>,Karen O’Leary,2026,Nature Medicine,10.1038/d41591-026-00022-6,Excluded,,
666102421,Approved and Pipeline Pharmacological Interventions for Eating Disorders (2010–2025): 15&#xa0;Years of Progress (or Lack Thereof),Drew HirschJace ReedAasim NaqviAshley NgorLauren DuganKelly CostaRolando Sceptre GanasiKyla Truma...,2025,CNS Drugs,10.1007/s40263-025-01248-7,Excluded,,
666102422,A group-based behavioural intervention for weight management (PROGROUP) versus usual care in adults with severe obesity: a feasibility randomised controlled trial protocol,Dawn SwancuttMark TarrantWendy IngramSarah BaldreyLorna BurnsRichard ByngRaff CalitriSiobhan Crea...,2022,Pilot and Feasibility Studies,10.1186/s40814-022-01167-0,Excluded,,
666102423,"First, a seat; then, an upgrade",Abilash Sathyanarayanan,2024,Journal of Human Hypertension,10.1038/s41371-024-00933-2,Excluded,,
666102424,Exploring the Need for Sustained GLP-1 Agonist Therapy: a Perspective on Weight Regain After Bariatric Surgery,Po-Chih ChangYa-Wei HuangChih-Kun HuangTing-Wei Chang,2024,Obesity Surgery,10.1007/s11695-024-07229-x,Excluded,,
666102425,Reversal of Roux-en-Y Gastric Bypass to Normal Anatomy-Experience of 70 Patients,David RellmeKamran ShahMikael EkelundHjörtur Gislason,2025,Obesity Surgery,10.1007/s11695-025-07796-7,Excluded,,
666102426,Don’t These Patients Deserve Better?,Erika CornuCamille GaulierAnne-Laure ProustAnne-Cécile Paepegaey,2024,Obesity Surgery,10.1007/s11695-024-07500-1,Excluded,,
666102427,Paired Comment Regarding Early Successful Experiences of Surgical Conversion of Endoscopic Gastric Plication to Roux-en-Y gastric Bypass,Carlos Aurelio Schiavon,2024,Obesity Surgery,10.1007/s11695-024-07272-8,Excluded,,
666102428,Non-serious case reports,,2025,Reactions Weekly,10.1007/s40278-025-79520-0,Excluded,,
666102429,Daily briefing: ‘Quantum internet’ demonstrated in three cities,Katrina Krämer,2024,Nature,10.1038/d41586-024-01473-y,Excluded,,
666102430,GLP-1 and dual GIP/GLP-1 receptor agonists increase risk of aspiration,,2025,Reactions Weekly,10.1007/s40278-025-75669-6,Excluded,,
666102431,Characterising the genetic architecture of changes in adiposity during adulthood using electronic health records,Samvida S. VenkateshHabib GanjgahiDuncan S. PalmerKayesha ColeyGregorio V. Linchangco Jr.Qin HuiP...,2024,Nature Communications,10.1038/s41467-024-49998-0,Excluded,,
666102432,The complexity of pain in osteoarthritis,Kristian Kjær-Staal PetersenDaniel Ciampi de AndradeGisèle PickeringRocco GiordanoEmma HertelRobe...,2026,Nature Reviews Rheumatology,10.1038/s41584-026-01372-8,Excluded,,
666102433,A novel long-galanin peptide from non-mammalian vertebrates mitigates the inflammatory response in IBD models via the biased GALR2/β-arrestin2 pathway,Shanshan LaiXianglin KongJingwen XueKaili MaAmanullah AmanullahYuwei ChenNa YangTing ZhangKun Zhe...,2025,Nature Communications,10.1038/s41467-025-66335-1,Excluded,,
666102434,Tirzepatide,,2024,Reactions Weekly,10.1007/s40278-024-70733-1,Excluded,wrong drug,
666102435,Feeding into cardiometabolic health,,2024,Nature Metabolism,10.1038/s42255-024-01123-7,Excluded,,
666102436,"IL-27, a metabolic regulator secreted by astrocytes in response to GLP-1RA OHP2, modulates microglial reprogramming in Alzheimer’s disease by regulating cGAS lactylation",Yixuan DuLingxi WuYang MaoSong ChenXiangdong Gao,2026,Journal of Neuroinflammation,10.1186/s12974-025-03683-1,Excluded,,
666102437,Daily briefing: Why US scientists aren’t retiring,Flora Graham,2025,Nature,10.1038/d41586-025-00483-8,Excluded,,
666102438,Fresh from the biotech pipeline: FDA turmoil overshadows 2025 approvals,Melanie Senior,2026,Nature Biotechnology,10.1038/s41587-025-02994-1,Excluded,,
666102439,"Autophagy in ovary: protective roles, pathological consequences, and unresolved issues",Xianan TangXiaofan GaoTong WuShixuan WangYueyue GaoJinjin Zhang,2025,Journal of Ovarian Research,10.1186/s13048-025-01784-2,Excluded,,
666102440,Daily briefing: Variant of mpox virus is getting better at human-to-human transmission,Jacob Smith,2024,Nature,10.1038/d41586-024-03583-z,Excluded,,
666102441,Developing RNAi therapeutics targeting hepatic and extra-hepatic diseases,OliX Pharmaceuticals Inc.,2023,Biopharma Dealmakers,10.1038/d43747-023-00108-x,Excluded,,
666102442,Intestinal adaptation to cold-induced metabolic demand and feeding requires GLP-1R and GLP-2R signalling,Nadya M. MorrowAntonio A. HansonClaire Fong-McMasterDawson B. H. LivingstonHoda OsmanLauren Hamil...,2025,Communications Biology,10.1038/s42003-025-09281-4,Excluded,,
666102443,Regulation of CD8+ T cells by lipid metabolism in cancer progression,Yong TangZiqing ChenQianying ZuoYibin Kang,2024,Cellular & Molecular Immunology,10.1038/s41423-024-01224-z,Excluded,,
666102444,Leptin-activated hypothalamic BNC2 neurons acutely suppress food intake,Han L. TanLuping YinYuqi TanJessica IvanovKaja PlucinskaAnoj IlangesBrian R. HerbPutianqi WangChr...,2024,Nature,10.1038/s41586-024-08108-2,Excluded,,
666102445,Paeoniflorin Alleviates Metabolic Dysfunction-Associated Steatotic Liver Disease by Inhibiting Hepatic Lipogenesis and Inflammation,Shi-zhang WeiYuan DongHong-ying ZhouJie YangJun-feng LuYan-ling ZhaoYanling ZhaoJun-feng Lu,2026,Inflammation,10.1007/s10753-026-02472-z,Excluded,,
666102447,Killer whales have menopause. Now scientists think they know why,Benjamin ThompsonNick Petrić Howe,2024,Nature,10.1038/d41586-024-00794-2,Excluded,,
666102448,Daily briefing: ChatGPT use makes a mockery of grant applications,Flora Graham,2023,Nature,10.1038/d41586-023-03254-5,Excluded,,
666102449,Daily briefing: AI now beats humans at basic reading and maths,Katrina Krämer,2024,Nature,10.1038/d41586-024-01125-1,Excluded,,
666102450,Daily briefing: The mystery man at the centre of the Human Genome Project,Katrina Krämer,2024,Nature,10.1038/d41586-024-02302-y,Excluded,,
666102451,The sixth bioelectronic medicine summit: Neurotechnologies for individuals and communities,Siyar BahadirJacob T. RobinsonLeslie R. MorsePaul B. YooRalph KernNathan S. MakowskiTakashi D. Y....,2026,Bioelectronic Medicine,10.1186/s42234-025-00195-4,Excluded,,
666102452,Obstructive Sleep Apnea. An algorithmic Approach,Kashif Piracha,2023,Obstructive Sleep Apnea,10.1007/978-3-031-36040-4_1,Excluded,,
666102453,"Best practice approach for redo-surgeries after sleeve gastrectomy, an expert's modified Delphi consensus",Mohammad KermansaraviChetan ParmarSonja ChiappettaScott ShikoraAli AminianSyed Imran AbbasLuigi A...,2023,Surgical Endoscopy,10.1007/s00464-023-09879-x,Excluded,,
666102454,Daily briefing: Giant ancient whale could be heavier than blue whale,Flora Graham,2023,Nature,10.1038/d41586-023-02500-0,Excluded,,
666102455,Daily briefing: Our ancestors’ diet probably included other humans,Flora Graham,2023,Nature,10.1038/d41586-023-02166-8,Excluded,,
666102456,Metformin/topiramate,,2023,Reactions Weekly,10.1007/s40278-023-38932-7,Excluded,,
666102457,Pharmacotherapy in Stress Urinary Incontinence; A Literature Review,Seyed Sajjad TabeiWesley BaasAyman Mahdy,2024,Current Urology Reports,10.1007/s11934-024-01205-9,Excluded,,
666102458,Eleven clinical trials that will shape medicine in 2025,Paul WebsterNatalie Healey,2024,Nature Medicine,10.1038/s41591-024-03383-y,Excluded,,
666102459,Daily briefing: Why orcas are attacking boats in Spain,Flora Graham,2023,Nature,10.1038/d41586-023-01754-y,Excluded,,
666102460,Food and Health: Behavioral Economics and Response to Intervention,William A. MastersAmelia B. Finaret,2024,Food Economics,10.1007/978-3-031-53840-7_8,Excluded,,
666102461,Seeing the Truth About Double Blinding,Donald A. RedelmeierJonathan S. Zipursky,2024,Journal of General Internal Medicine,10.1007/s11606-024-08887-4,Excluded,,
666102462,Satiety,Martin R. Yeomans,2024,Handbook of Eating and Drinking,10.1007/978-3-319-75388-1_30-2,Excluded,,
666102463,SARS-CoV-2 Omicron symptoms and adverse effects of GLP-1 RA therapy,Mojca JensterleTadej BattelinoAndrej Janež,2022,Acta Diabetologica,10.1007/s00592-022-01908-w,Excluded,,
666102464,Des-acyl ghrelin reduces alcohol intake and alcohol-induced reward in rodents,Sarah WitleyChristian E. EdvardssonCajsa AranäsMaximilian Tufvesson-AlmDarta StalbergaHenrik Gree...,2024,Translational Psychiatry,10.1038/s41398-024-02996-8,Excluded,,
666102465,Correction to: Updated Recommendations on Cardiovascular Prevention in 2022: An Executive Document of the Italian Society of Cardiovascular Prevention,Massimo VolpeGiovanna GalloMaria Grazia ModenaClaudio FerriGiovambattista DesideriGiuliano TocciS...,2022,High Blood Pressure & Cardiovascular Prevention,10.1007/s40292-022-00508-7,Excluded,,
666102466,Assessment of Atrial Fibrosis and Its Implications in Atrial Fibrillation and Stroke,Bishoy HannaNazem Akoum,2021,Current Treatment Options in Cardiovascular Medicine,10.1007/s11936-021-00952-z,Excluded,,
666102467,Interoception and Mental Health,Sahib S. KhalsaCharles Verdonk,2024,Interoception,10.1007/978-3-031-68521-7_9,Excluded,,
666102468,Strengthening the Healthcare Workforce to Achieve Digital Maturity at Scale,Angela AhrendtGeorgi ChaltikyanFara Aninha FernandesLisa Rice-Duek,2025,Digital Maturity in Hospitals,10.1007/978-3-031-80704-6_18,Excluded,,
666102469,LncRNA <i>Wee1-AS</i> coordinates oxidative fatty acid metabolism through the activation of mitochondrial CDK1/CYCLIN B1,Hyeon-Ji KimCheolhee JeongSang-Heon LeeSeungchan AnGyu Hwan HyunGa Young LimJu-Yeon KimJunhyeong ...,2026,Signal Transduction and Targeted Therapy,10.1038/s41392-025-02558-4,Excluded,,
666102470,ACNP 64th Annual Meeting: Keyword Index,,2025,Neuropsychopharmacology,10.1038/s41386-025-02283-0,Excluded,,
666102471,Estradiol,,2022,Reactions Weekly,10.1007/s40278-022-19232-5,Excluded,,
666102472,Serpina3c protects against metabolic dysfunction-associated steatotic liver disease in offspring induced by prenatal prednisone exposure,Yongguo DaiZhengjie LuYu PengKexin LiuXiaoqian LuXiaoxiang SunYuxi WangXuerong YanZijie ChenZiyi ...,2026,Signal Transduction and Targeted Therapy,10.1038/s41392-025-02569-1,Excluded,,
666102473,Development and application of the Demands for Population Health Interventions (Depth) framework for categorising the agentic demands of population health interventions,Kate GarrottDavid OgilvieJenna PanterMark PetticrewAmanda SowdenCatrin P. JonesCampbell Foubister...,2024,BMC Global and Public Health,10.1186/s44263-024-00043-8,Excluded,,
666102474,Single-cell transcriptomic profiling reveals cell type heterogeneity between HFpEF and HFrEF,Xingqi XiaoWenqian WuQilong MaoBolun LiJixin WangSheng LiuHongmei ZhaoErping LongJing Wang,2025,Communications Biology,10.1038/s42003-025-08827-w,Excluded,,
666102475,Design of a novel chimeric peptide via dual blockade of CD47/SIRPα and PD-1/PD-L1 for cancer immunotherapy,Zheng HuWanqiong LiShaomeng ChenDanhong ChenRan XuDanlu ZhengXin YangShuzhen LiXiuman ZhouXiaoshu...,2023,Science China Life Sciences,10.1007/s11427-022-2285-6,Excluded,,
666102476,Interconnected cell death pathways: central mechanisms and therapeutic targets in impaired follicular development of polycystic ovary syndrome,Shuang MaChang SunYasong WangXuanning ZhangHongying Kuang,2026,Journal of Ovarian Research,10.1186/s13048-026-02054-5,Excluded,,
666102477,Gastrointestinal Interoception in Eating Disorders: Charting a New Path,Sahib S. KhalsaLaura A. BernerLisa M. Anderson,2022,Current Psychiatry Reports,10.1007/s11920-022-01318-3,Excluded,,
666102478,Semaglutide in MASLD Patients: Improved Survival and Liver Outcomes,Mohamad Suki and Johnny Amer and Yael Milgrom and Muhammad Massarwa and Wadi Hazou and Yariv Tiram and Ofer Perzon and Yousra Sharif and Joseph Sackran and Revital Alon and Nachum Emil Eliezer Lourie and Itamar Raz and Ashraf Imam and Abed Khalaileh and Rifaat Safadi,2025,Pharmaceuticals,10.3390/ph18071075,Included,,"<jats:p>Introduction: Semaglutide (SEMA) has shown potential benefits in metabolic dysfunction-associated steatotic liver disease (MASLD). This large real-world study aimed to evaluate the effects of SEMA on MASLD patients’ clinical outcomes and liver-related complications. Results: Following propensity score matching based on 34 variables (demographics, comorbidities, laboratory tests, and medication history), SEMA-treated (n = 19,112) patients were compared with non-SEMA (n = 19,112) cases. Both cohorts were well-balanced, except for higher BMI in the SEMA group (36.60 ± 6.25 vs. 34.89 ± 6.84 kg/m2). After one year, the SEMA group demonstrated ~one BMI point reduction but maintained significantly higher BMI (35.51 ± 6.34 vs. 34.11 ± 6.64, p &lt; 0.001). LDL, triglycerides, and HbA1c levels significantly improved with SEMA, as evidenced by decreased rates of poor metabolic markers (31.13% vs. 34.32%, p &lt; 0.001). The SEMA-treated patients demonstrated significantly higher survival, lower cardiovascular risk, and reduced progression to advanced liver disease compared to controls. Discussion: In this large real-world cohort, SEMA use in MASLD patients was associated with significantly improved 1-year survival, cardiovascular, and liver-related outcomes. These benefits appear to result primarily from metabolic improvements and anti-inflammatory effects. Materials and Methods: Data were sourced from TriNetX, a global health research platform with de-identified electronic medical records spanning 135 million patients across 112 healthcare organizations worldwide. We included MASLD adults diagnosed according to ICD9 criteria. Assessed outcomes included survival, biochemical, hematologic, AFP, metabolic and cardiovascular parameters, advanced liver disease (ALD), synthetic function, and metabolic markers. Conclusions: Semaglutide may serve as an effective therapeutic strategy to improve outcomes in MASLD.</jats:p>"
666102479,The Potential of Semaglutide Once-Weekly in Patients Without Type 2 Diabetes with Weight Regain or Insufficient Weight Loss After Bariatric Surgery—a Retrospective Analysis,Anne Lautenbach and Marie Wernecke and Tobias B. Huber and Fabian Stoll and Jonas Wagner and Sebastian M. Meyhöfer and Svenja Meyhöfer and Jens Aberle,2022,Obesity Surgery,10.1007/s11695-022-06211-9,Excluded,,"<jats:title>Abstract</jats:title><jats:sec>
                <jats:title>Purpose</jats:title>
                <jats:p>About 20–25% of patients experience weight regain (WR) or insufficient weight loss (IWL) after bariatric metabolic surgery (BS). Therefore, we aimed to retrospectively assess the effectiveness of adjunct treatment with the GLP-1 receptor agonist semaglutide in non-diabetic patients with WR or IWL after BS.</jats:p>
              </jats:sec><jats:sec>
                <jats:title>Materials and Methods</jats:title>
                <jats:p>Post-bariatric patients without type 2 diabetes (T2D) with WR or IWL (<jats:italic>n</jats:italic> = 44) were included in the analysis. The primary endpoint was weight loss 3 and 6 months after initiation of adjunct treatment. Secondary endpoints included change in BMI, HbA1c, lipid profile, hs-CRP, and liver enzymes.</jats:p>
              </jats:sec><jats:sec>
                <jats:title>Results</jats:title>
                <jats:p>Patients started semaglutide 64.7 ± 47.6 months (mean ± SD) after BS. At initiation of semaglutide, WR after post-bariatric weight nadir was 12.3 ± 14.4% (mean ± SD). Total weight loss during semaglutide treatment was − 6.0 ± 4.3% (mean ± SD, <jats:italic>p</jats:italic> &lt; 0.001) after 3 months (3.2 months, IQR 3.0–3.5, <jats:italic>n</jats:italic> = 38) and − 10.3 ± 5.5% (mean ± SD, <jats:italic>p</jats:italic> &lt; 0.001) after 6 months (5.8 months, IQR 5.8–6.4, <jats:italic>n</jats:italic> = 20). At 3 months, categorical weight loss was &gt; 5% in 61% of patients, &gt; 10% in 16% of patients, and &gt; 15% in 2% of patients. Triglycerides (OR = 0.99; <jats:italic>p</jats:italic> &lt; 0.05), ALT (OR = 0.87; <jats:italic>p</jats:italic> = 0.05), and AST (OR = 0.89; <jats:italic>p</jats:italic> &lt; 0.05) at baseline were negatively associated with weight loss of at least 5% at 3 months’ follow-up (<jats:italic>p</jats:italic> &lt; 0.05).</jats:p>
              </jats:sec><jats:sec>
                <jats:title>Conclusion</jats:title>
                <jats:p>Treatment options to manage post-bariatric excess weight (regain) are scarce. Our results imply a clear benefit of adjunct treatment with semaglutide in post-bariatric patients. However, these results need to be confirmed in a prospective randomized controlled trial to close the gap between lifestyle intervention and revision surgery in patients with IWL or WR after BS.</jats:p>
              </jats:sec><jats:sec>
                <jats:title>Graphical abstract</jats:title>
                
              </jats:sec>"
666102480,Semaglutide vs tirzepatide in patients with obesity and HFpEF: a report from a global federated research network,Luca Monzo and Gianluigi Savarese and Kevin Duarte and Guillaume Baudry and Mark C Petrie and Nicolas Girerd,2026,ESC Heart Failure,10.1093/eschf/xvag042,Included,,"<jats:title>Abstract</jats:title>
                  <jats:sec>
                    <jats:title>Background and Aims</jats:title>
                    <jats:p>Semaglutide and tirzepatide have been shown to reduce body weight, improve health status, and lower rates of clinical events in patients with obesity and heart failure with preserved ejection fraction (HFpEF). Although recent data suggest that tirzepatide leads to greater weight loss compared to semaglutide in non-HF populations, it remains uncertain whether these different drugs might result in different clinical event rates. This study aims to compare the rates of clinical outcomes for semaglutide vs tirzepatide in patients with obesity and HFpEF.</jats:p>
                  </jats:sec>
                  <jats:sec>
                    <jats:title>Methods</jats:title>
                    <jats:p>In this non-randomized, observational cohort study, adults with obesity and a concurrent diagnosis of HFpEF who initiated treatment with semaglutide or tirzepatide for the first time between November 2023 and May 2025 were identified using electronic health record data from the TriNetX Global Collaborative Research Network. The primary endpoint was a composite of all-cause mortality and HF hospitalization, evaluated after propensity score matching (PSM).</jats:p>
                  </jats:sec>
                  <jats:sec>
                    <jats:title>Results</jats:title>
                    <jats:p>Among 3983 patients meeting the study criteria (semaglutide, 2719; tirzepatide, 1264), 1258 remained in each group after PSM (mean age 66 years, 41% male, 77% White, mean body mass index 42 kg/m², 63% with diabetes). Over a median follow-up of 24 weeks, semaglutide and tirzepatide were associated with a similar risk of the primary composite endpoint (HR 1.14 [95% CI, 0.89–1.46]; P = .286), and of its individual components (all-cause death: HR 1.24 [95% CI, 0.63–2.44]; P = .531; HF hospitalization: HR 1.10 [95% CI, 0.85–1.43]; P = .471), irrespective of diabetes status.</jats:p>
                  </jats:sec>
                  <jats:sec>
                    <jats:title>Conclusions</jats:title>
                    <jats:p>In this real-world analysis, no difference was observed between semaglutide and tirzepatide in terms of clinical outcomes among patients with obesity and HFpEF.</jats:p>
                  </jats:sec>"
666102481,Semaglutide versus other GLP-1 receptor agonists in patients with MASLD,Chia-Chih Kuo and Chun-Hsien Li and Min-Hsiang Chuang and Po-Yu Huang and Hsing-Tao Kuo and Chih-Cheng Lai,2025,Hepatology Communications,10.1097/hc9.0000000000000747,Included,,"<jats:sec>
            <jats:title>Objectives:</jats:title>
            <jats:p>Metabolic dysfunction–associated steatotic liver disease (MASLD) is the most prevalent chronic liver disease worldwide. While glucagon-like peptide-1 receptor agonists (GLP-1RAs) show promise in MASLD treatment, the comparative effectiveness of semaglutide versus other GLP-1RAs remains unclear. This study aimed to compare clinical outcomes between semaglutide and other GLP-1RAs in patients with MASLD.</jats:p>
          </jats:sec>
          <jats:sec>
            <jats:title>Methods:</jats:title>
            <jats:p>Using the TriNetX Research Network database, we conducted a retrospective cohort study of patients with MASLD newly prescribed GLP-1RAs between December 2017 and September 2023. The primary outcome was a composite of all-cause mortality, major adverse cardiovascular events, major adverse kidney events, and major adverse liver outcomes. Secondary outcomes included the individual components of the primary outcome.</jats:p>
          </jats:sec>
          <jats:sec>
            <jats:title>Results:</jats:title>
            <jats:p>After propensity score matching, 20,384 patients were included in each group. Compared to other GLP-1RAs, semaglutide was associated with a 14% lower risk of primary composite outcomes (31.8 vs. 36.6 events per 10,000 person-years; adjusted HR, 0.86; 95% CI: 0.80–0.93). Semaglutide users showed significantly reduced risks of all-cause mortality (aHR, 0.68; 95% CI: 0.59–0.80) and major adverse liver outcomes (aHR, 0.79; 95% CI: 0.66–0.94). Benefits were consistent across subgroups, including age, sex, obesity status, and diabetes status. Comparative analyses showed superior outcomes with semaglutide versus dulaglutide (aHR, 0.88; 95% CI: 0.81–0.96) and liraglutide (aHR, 0.83; 95% CI: 0.71–0.97).</jats:p>
          </jats:sec>
          <jats:sec>
            <jats:title>Conclusions:</jats:title>
            <jats:p>In patients with MASLD, semaglutide use was associated with significantly better clinical outcomes compared to other GLP-1RAs, particularly in reducing mortality and major adverse liver outcome risks. These findings suggest semaglutide may be the preferred GLP-1RA choice for MASLD treatment.</jats:p>
          </jats:sec>"
666102482,Semaglutide Use Prior to Total Hip Arthroplasty Results in Fewer Postoperative Prosthetic Joint Infections and Readmissions,Matthew L. Magruder and Michael J. Miskiewicz and Ariel N. Rodriguez and Michael A. Mont,2024,The Journal of Arthroplasty,10.1016/j.arth.2023.12.023,Excluded,,
666102483,Tratamiento de la obesidad después de la cirugía bariátrica con análogos del receptor de GLP-1: evidencia en vida real,Camila Milad and Sergio Logwin and Nerea Antón and Amanda Jiménez and Lilliam Flores and Ainitze Ibarzábal and Violeta Moizé and Adriana Pané and Josep Vidal and Ana de Hollanda,2025,Medicina Clínica,10.1016/j.medcli.2025.107153,Excluded,,
666102485,"The potential role of
                    <scp>GLP</scp>
                    ‐1 receptor agonists in osteoarthritis",Mackenzie Ryan and Saige Megyeri and Wes Nuffer and Jennifer M. Trujillo,2025,Pharmacotherapy: The Journal of Human Pharmacology and Drug Therapy,10.1002/phar.70005,Excluded,,"<jats:title>Abstract</jats:title>
                  <jats:p>Osteoarthritis (OA) is the most common form of arthritis, affecting over 500 million people globally. Current treatments are primarily symptom‐focused, with no approved therapies to halt disease progression. Glucagon‐like peptide‐1 receptor agonists (GLP‐1 RAs), widely used in type 2 diabetes (T2D) and obesity, demonstrate significant weight loss and glucose‐lowering effects and have been shown to possess anti‐inflammatory properties. Given the central role of inflammation and metabolic dysfunction in OA, this review examines the potential utility of GLP‐1 RAs in OA management, focusing on both indirect effects, such as weight reduction, and possible direct effects on inflammatory pathways and cartilage preservation. Clinical studies suggest that GLP‐1 RAs may benefit people with OA by reducing weight, improving glycemic control, and modulating inflammatory markers relevant to OA progression. Notable findings include significant weight loss and pain reduction in people with knee OA (KOA) treated with semaglutide in the STEP‐9 trial. In other studies, GLP‐1 RAs have shown potential to lower oxidative stress and pro‐inflammatory cytokines, such as tumor necrosis factor (TNF‐α) and interleukin (IL)‐6, with reductions in OA‐related pain and functional impairment observed in some cohorts. However, results vary, with some studies showing limited effects, potentially linked to the degree of weight loss achieved. Although some studies report variability in pain relief, likely influenced by the degree of weight loss achieved, GLP‐1 RAs have shown overall promise in reducing both OA symptoms and markers associated with disease progression. This emerging evidence supports the utility of GLP‐1 RAs as a potential disease‐modifying option for OA, offering a dual benefit in metabolic and joint health. Future research should focus on establishing the long‐term efficacy and safety and elucidating the mechanism by which GLP‐1 RAs influence OA pathology.</jats:p>"
666102486,"semaglutide reduces incident cirrhosis,.2339_s7e",,,,,Excluded,,
666102487,Semaglutide treatment for children with obesity: an observational study,Elizabeth-Jane van Boxel and Saqib Rahman and Karen Lai and Nabil Boulos and Nikki Davis,2024,Archives of Disease in Childhood,10.1136/archdischild-2023-326687,Excluded,wrong population,"<jats:sec><jats:title>Objective</jats:title><jats:p>To assess efficacy and tolerability of semaglutide as a weight loss treatment for children living with comorbid obesity.</jats:p></jats:sec><jats:sec><jats:title>Design</jats:title><jats:p>Retrospective observational study of the first 50 children from a weight management service treated with semaglutide for at least 6 months.</jats:p></jats:sec><jats:sec><jats:title>Setting</jats:title><jats:p>A tertiary paediatric multidisciplinary weight management clinic in a UK hospital.</jats:p></jats:sec><jats:sec><jats:title>Patients</jats:title><jats:p>Aged 10–18 years old with a body mass index (BMI) SD score (SDS) &gt;2 with a weight-related comorbidity (including insulin resistance (defined as homeostatic model assessment for insulin resistance &gt;4), type 2 diabetes, metabolic-associated fatty liver disease, obstructive sleep apnoea or hypertension).</jats:p></jats:sec><jats:sec><jats:title>Interventions</jats:title><jats:p>Once-weekly injectable semaglutide titrated over 8 weeks to a final dose of 1 mg in addition to dietary and lifestyle advice.</jats:p></jats:sec><jats:sec><jats:title>Main outcome measures</jats:title><jats:p>Primary outcome measures were change in weight, BMI SDS and percentage body weight. Secondary outcomes were side effects and cessation of treatment.</jats:p></jats:sec><jats:sec><jats:title>Results</jats:title><jats:p>After 6 months of treatment, statistically significant decreases in BMI SDS (0.32±0.27, p&lt;0.001) and body weight (7.03±7.50 kg, p&lt;0.001) were seen. Mean percentage total weight loss was 6.4±6.3% (p&lt;0.001). For the 14 patients for whom 12-month data were available, statistically significant decreases were seen in mean BMI SDS (0.54±0.52, p&lt;0.001). Mean body weight decreased by 9.7±10.8 kg (p&lt;0.001). Percentage total weight loss at 12 months was 8.9±10.0% (p&lt;0.001). Mild gastrointestinal side effects were common. One patient developed gallstones. Five patients discontinued treatment due to side effects.</jats:p></jats:sec><jats:sec><jats:title>Conclusion</jats:title><jats:p>Semaglutide appears to be a safe and effective weight loss adjunct when used in a multidisciplinary weight management clinic.</jats:p></jats:sec>"
666102488,"Real-World Weight Loss Among Patients Initiating Semaglutide 2.4 mg and Enrolled in WeGoTogether, a Digital Self-Support Application",Joshua C. Toliver and Victoria Divino and Carmen D. Ng and Julia Wang,2025,Advances in Therapy,10.1007/s12325-025-03325-1,Included,,"Semaglutide injection 2.4 mg (Wegovy®; hereafter referred to as semaglutide) was approved by the US Food and Drug Administration in June 2021 for chronic weight management in adults with overweight or obesity. This study aimed to evaluate the real-world long-term effectiveness of semaglutide in combination with the WeGoTogether patient support program with a follow-up period of up to 24 months. This retrospective, noninterventional cohort study included adults with overweight or obesity (body mass index [BMI] ≥ 25.0 kg/m2) who initiated semaglutide and enrolled in WeGoTogether during the study period (6/2021–4/2025). Semaglutide is administered as a once-weekly subcutaneous injection. Patients had ≥ 2 post-index weights, with ≥ 1 weight at 6, 12, 18, and/or 24 months (± 30 days) of follow-up. Self-reported, de-identified data from WeGoTogether were analyzed descriptively. Patient demographics were characterized, and changes in weight and BMI were compared from index to each follow-up time point. Overall, 8177 patients met the eligibility criteria, including 7604 (93.0%) patients with a BMI ≥ 30.0 kg/m2. At baseline, the mean age was 49.5 years, mean weight was 234.1 lb, and mean BMI was 38.4 kg/m2; 83.6% of patients were female. Among patients with reported weight at the time points of interest, the mean (standard deviation) percent weight loss was − 13.4% (6.4) at 6 months (n = 6964), − 17.6% (10.2) at 12 months (n = 2050), − 20.3% (11.4) at 18 months (n = 491), and − 20.4% (11.3) at 24 months (n = 325). The proportions of patients achieving ≥ 20% weight loss were 13.1%, 43.3%, 52.5%, and 50.5% at 6, 12, 18, and 24 months, respectively. Similar results were observed for the subgroup with BMI ≥ 30.0 kg/m2. The study demonstrated substantial weight loss with semaglutide treatment, including over long-term 18- and 24-month follow-up periods, as reported in the WeGoTogether program. These data suggest patients can achieve clinically meaningful long-term (24 months) weight loss in real-world settings when treated with semaglutide and participating in the WeGoTogether patient support program. Obesity is a common condition among adults and can increase the risk of developing serious health complications. In the USA, the drug semaglutide (known as Wegovy®) is approved for long-term weight management in patients with overweight or obesity. The WeGoTogether patient support program is a free digital application that provides resources to help patients start and maintain semaglutide treatment. This study examined real-world weight loss data for patients taking semaglutide who were enrolled in WeGoTogether. Patients with overweight or obesity (body mass index [BMI] score of 25.0 kg/m2 or higher) who received semaglutide treatment and reported weight measurements in the WeGoTogether program were included. Change in body weight was measured over time up to 24 months after starting semaglutide. A total of 8177 patients with overweight or obesity were included in this study. The average weight loss was 13.4% at 6 months, 17.6% at 12 months, 20.3% at 18 months, and 20.4% at 24 months. The number of patients who lost 20% or more of their initial body weight increased over time, from 13.1% at 6 months to 50.5% at 24 months. This study demonstrated that patients with overweight or obesity who were treated with semaglutide and enrolled in the WeGoTogether program had meaningful long-term (24 months) weight loss. The study’s large size and long duration suggest that this combination is effective for long-term weight loss in a real-world setting."
666102489,Weight loss and cardiovascular disease risk outcomes of semaglutide: a one-year multicentered study,Wissam Ghusn and Sima Fansa and Diego Anazco and Elif Tama and Bryan Nicolalde and Khushboo Gala and Alan De la Rosa and Daniel Sacoto and Lizeth Cifuentes and Alejandro Campos and Fauzi Feres and Maria Daniela Hurtado and Andres Acosta,2024,International Journal of Obesity,10.1038/s41366-023-01456-5,Included,,
666102490,Weight loss response in patients with obesity treated with injectable semaglutide in a real-world setting,Khaled Alabduljabbar and Moath Alsaqaaby and Karl J. Neff and Michael Crotty and Carel W. le Roux,2023,Endocrine,10.1007/s12020-023-03534-0,Included,,
666102491,Weight Loss Outcomes Associated With Semaglutide Treatment for Patients With Overweight or Obesity,Wissam Ghusn and Alan De la Rosa and Daniel Sacoto and Lizeth Cifuentes and Alejandro Campos and Fauzi Feris and Maria Daniela Hurtado and Andres Acosta,2022,JAMA Network Open,10.1001/jamanetworkopen.2022.31982,Included,,"<jats:sec id=""ab-zoi220917-4""><jats:title>Importance</jats:title><jats:p>No retrospective cohort study has assessed the effectiveness of semaglutide at doses used in randomized clinical trials to treat obesity (ie, 1.7 and 2.4 mg).</jats:p></jats:sec><jats:sec id=""ab-zoi220917-5""><jats:title>Objective</jats:title><jats:p>To study weight loss outcomes associated with semaglutide treatment at doses used in randomized clinical trials for patients with overweight or obesity.</jats:p></jats:sec><jats:sec id=""ab-zoi220917-6""><jats:title>Design, Setting, and Participants</jats:title><jats:p>This cohort study, conducted at a referral center for weight management, retrospectively collected data on the use of semaglutide for adults with overweight or obesity between January 1, 2021, and March 15, 2022, with a follow-up of up to 6 months. A total of 408 patients with a body mass index (BMI) of 27 or more were prescribed weekly semaglutide subcutaneous injections for 3 months or more. Patients with a history of bariatric procedures, taking other antiobesity medications, and with an active malignant neoplasm were excluded.</jats:p></jats:sec><jats:sec id=""ab-zoi220917-7""><jats:title>Exposures</jats:title><jats:p>Weekly 1.7-mg or 2.4-mg semaglutide subcutaneous injections for 3 to 6 months.</jats:p></jats:sec><jats:sec id=""ab-zoi220917-8""><jats:title>Main Outcomes and Measures</jats:title><jats:p>The primary end point was the percentage of weight loss. Secondary end points were the proportion of patients achieving weight loss of 5% or more, 10% or more, 15% or more, and 20% or more after 3 and 6 months and the percentage of weight loss for patients with or without type 2 diabetes after 3 and 6 months.</jats:p></jats:sec><jats:sec id=""ab-zoi220917-9""><jats:title>Results</jats:title><jats:p>The study included 175 patients (132 women [75.4%]; mean [SD] age, 49.3 [12.5] years; mean [SD] BMI, 41.3 [9.1]) in the analysis at 3 months and 102 patients at 6 months. The mean (SD) weight loss after 3 months was 6.7 (4.4) kg, equivalent to a mean (SD) weight loss of 5.9% (3.7%) (<jats:italic>P</jats:italic> &amp;lt; .001), and the mean (SD) weight loss after 6 months was 12.3 (6.6) kg, equivalent to a mean (SD) weight loss of 10.9% (5.8%) (<jats:italic>P</jats:italic> &amp;lt; .001 from baseline). Of the 102 patients who were followed up at 6 months, 89 (87.3%) achieved weight loss of 5% or more, 56 (54.9%) achieved weight loss of 10% or more, 24 (23.5%) achieved weight loss of 15% or more, and 8 (7.8%) achieved weight loss of 20% or more. Patients with type 2 diabetes had a lower mean (SD) percentage weight loss at 3 and 6 months compared with those without type 2 diabetes: 3.9% (3.1%) vs 6.3% (3.7%) at 3 months (<jats:italic>P</jats:italic> = .001) and 7.2% (6.3%) vs 11.8% (5.3%) at 6 months (<jats:italic>P</jats:italic> = .005).</jats:p></jats:sec><jats:sec id=""ab-zoi220917-10""><jats:title>Conclusions and Relevance</jats:title><jats:p>The results of this cohort study suggest that weekly 1.7-mg and 2.4-mg doses of semaglutide were associated with weight loss similar to that seen in randomized clinical trials. Studies with longer periods of follow-up are needed to evaluate prolonged weight loss outcomes.</jats:p></jats:sec>"
666102492,Glucagon-Like Peptide-1 Receptor Agonists for the Treatment of Suboptimal Initial Clinical Response and Weight Gain Recurrence After Bariatric Surgery: a Systematic Review and Meta-analysis,Yuntao Nie and Yiran Zhang and Baoyin Liu and Hua Meng,2025,Obesity Surgery,10.1007/s11695-025-07733-8,Excluded,wrong study design,
666170975,The effect of GLP-1RAs on mental health and psychotropics-induced metabolic disorders: A systematic review,Sigrid Breit and Daniela Hubl,2025,Psychoneuroendocrinology,10.1016/j.psyneuen.2025.107415,Excluded,wrong study design,"BACKGROUND: Mental illnesses and psychotropic drug use are associated with an increased risk of weight gain and metabolic disorders. Growing evidence suggests that agonists of the glucagon-like peptide-1 receptor (GLP-1RAs) might be safe and effective weight loss medications. However, the current evidence for the use of GLP-1RAs in individuals with obesity and mental illness is limited. OBJECTIVE: Evaluation of the safety and the impact of GLP-1RAs on mental health and psychotropics-induced metabolic disorders such as obesity and type 2 diabetes (T2D). METHODS: A literature search from January 1st, 2010 to August 31st, 2024 was conducted using PubMed and Cochrane Library online databases. Studies comprising adults with obesity or/and T2D and mental illness were included. Studies that examined individuals with obesity or/and T2D without mental illness and completed psychiatric questionnaires before and after GLP-1RAs treatment were also included. RESULTS: From the 36 included studies 18 examined the weight-reducing effect of GLP-1RAs in patients with mental disorders and the other studies examined patients without mental illness. GLP-1RAs lead to a significant weight loss and improvement of glycemic control in patients with mental illness on psychotropics. They showed a beneficial effect on mental health in patients with and without mental disorders and were not associated with a worsening of mental state, suicidality, new-onset mental illness, or increased psychiatric admissions. CONCLUSION: GLP-1RAs are safe and effective weight loss treatments for individuals with obesity and mental illness exerting a positive effect on mental state and quality of life. There is a need for RCTs with larger sample sizes, a longer treatment duration and longer follow-up periods to evaluate the long-term effect of GLP-1RAs. It would be of great interest to conduct studies investigating the use of GLP-1RAs with the purpose to treat mental illness in order to directly assess their use in improving mental health."
666170976,Short term effects of semaglutide on emotional eating and other abnormal eating patterns among subjects living with obesity,Joana Nicolau and Antelm Pujol and Santiago Tofé and Aina Bonet and Apolonia Gil,2022,Physiology &amp; Behavior,10.1016/j.physbeh.2022.113967,Included,,
666171276,PPA-549716-real-world-off-label-use-of-semaglutide-for-weight-reduction_d1N,,,,,Included,,
666171713,Real-World Use of Semaglutide for Weight Management: Patient Characteristics and Dose Titration—A Danish Cohort Study,"Ladebo, Louise and Ernst, Martin T. and Mailhac, Aurélie and Dirksen, Carsten and Bojsen-Møller, Kirstine N. and Pottegård, Anton",2024,Diabetes Care,10.2337/dc24-1082,Included,,"To determine patient characteristics and dose titration patterns of real-world semaglutide (Wegovy) users.We used a population-based cohort study including Danish adults who filled semaglutide prescriptions from 12 December 2022 to 31 December 2023. Outcomes were patient characteristics, prescriber type, and dose titration patterns.We identified 110,748 individuals (median age 49 years; 70% female) filling 773,708 prescriptions for semaglutide. General practitioners initiated treatment in 86%. Common comorbidities included hypertension (30%), dyslipidemia (17%), and arthrosis (17%). Only 13% reached the maximum dose of 2.4 mg by their fifth prescription, while 5.7% stopped after the first prescription. Few users (10%) followed recommended dose increases every 4 weeks. Overall, 25% filled at least one prescription of 2.4 mg, while 33–48% continued with the 1.0-mg dosage from the fourth prescription onward.Real-world semaglutide users generally resembled trial participants, but few follow the dose titration schemes tested in premarket clinical trials."
666171987,Adverse events in different administration routes of semaglutide: a pharmacovigilance study based on the FDA adverse event reporting system,Kaibin Niu and Maoxia Fan and Wulin Gao and Chen Chen and Guohua Dai,2024,Frontiers in Pharmacology,10.3389/fphar.2024.1414268,Included,,"<jats:sec><jats:title>Background</jats:title><jats:p>With the continuously increasing incidence of type 2 diabetes, glucagon-like peptide-1 (GLP-1) receptor agonists, known for their dual benefits of effectively controlling blood glucose levels while also reducing weight and lowering cardiovascular disease risks, have been widely employed in the treatment of this condition. In recent years, semaglutide has garnered significant attention as the only injectable and orally administered glucagon-like peptide-1 receptor agonist (GLP-1RA). However, it is important to note that different routes of administration may lead to varying adverse events in patients. The aim of this study is to compare the adverse event profiles of semaglutide across different routes of administration by analyzing the adverse event reporting system of the U.S. Food and Drug Administration (FDA). The findings from this analysis will provide valuable insights for clinical practice and drug surveillance.</jats:p></jats:sec><jats:sec><jats:title>Methods</jats:title><jats:p>Data was extracted from the U.S. Food and Drug Administration Adverse Event Reporting System (FAERS) database, specifically focusing on the period from the fourth quarter of 2017 to the fourth quarter of 2023. A comparative analysis was conducted using disproportionality analysis, reporting odds ratio (ROR), and stratified analysis methods to assess and compare the signals of adverse events (AE) and the time to onset of adverse reactions associated with different routes of administration of semaglutide from 2017 to 2023.</jats:p></jats:sec><jats:sec><jats:title>Results</jats:title><jats:p>A total of 22,287 adverse reaction records related to semaglutide were identified in the FAERS database. A comparative analysis was performed on 16,346 records of subcutaneous administration and 2,496 records of oral administration. Different routes of administration can lead to varying adverse reaction outcomes. Compared to oral administration, subcutaneous injection is more likely to result in adverse events related to the endocrine system. Oral administration is more likely to induce adverse events in the gastrointestinal system. Additionally, it significantly accelerates the onset of adverse reactions. The comparative analysis of all relevant results indicates that semaglutide can lead to different adverse reaction events depending on the route of administration. Furthermore, there are significant differences in the time of onset for these adverse reactions.</jats:p></jats:sec><jats:sec><jats:title>Conclusion</jats:title><jats:p>Semaglutide exhibits variations in adverse reaction events and the time of onset across different routes of administration. Therefore, when selecting the route of administration for semaglutide, clinicians should consider the risk of adverse events and weigh them against the clinical benefits. Based on these considerations, appropriate guidance and recommendations can be provided to patients.</jats:p></jats:sec>"
666171988,1691-P: Clinical Outcomes in Patients with Obesity or Overweight Treated with Semaglutide 2.4 mg—A Real-World Retrospective Cohort Study in the United States (SCOPE 2),"MICHALAK, WOJCIECH and FABRICATORE, ANTHONY and O HARTAIGH, BRIAIN and RUSEVA, ALEKSANDRINA and ZHAO, ZHENXIANG and UMASHANKER, DEVIKA",2024,Diabetes,10.2337/db24-1691-P,Included,,"Introduction &amp; Objective: This study assessed changes in clinical outcomes among patients with obesity or overweight treated with semaglutide 2.4mg versus no anti-obesity medications (AOM) in the US.Methods: This retrospective database cohort study used the electronic health records linked to administrative claims from Komodo Health and included patients (≥18 years) with obesity, or overweight with ≥1 obesity-related comorbidity, who started therapy with semaglutide 2.4mg after June 15, 2021 and remained adherent for 12 months or those not treated with any AOM in the same period. Propensity score matching (1:4) was used to address treatment selection bias. Changes in weight from baseline to the end of 12 months follow-up, and proportions of patients achieving ≥5%, ≥10%, and ≥15% weight reduction were compared between the matched cohorts using generalized linear models.Results: Matched cohorts (143 semaglutide 2.4mg patients and 571 no AOM patients) were balanced in baseline characteristics with mean (SD) BMI 39.8 (7.35) kg/m2, mean (SD) age 46 (10.9) years, and 77% were female. At 1-year post-index, semaglutide 2.4mg patients had a significantly greater reduction in weight (−15.0% vs. −1.3%, P&lt;0.001) and a greater proportion of patients achieved a weight reduction ≥5% (83.9% vs 20.1%), ≥10% (74.8% vs. 7.4%), and ≥15% (49.7% vs. 3.7%) (P&lt;0.001 for all three comparisons).Conclusion: In this real-world study, patients with obesity or overweight treated with semaglutide 2.4mg demonstrated a greater, sustained, and clinically relevant reduction in body weight versus those not treated with an AOM. These changes are consistent with those observed in clinical trials.W. Michalak: Employee; Novo Nordisk. Stock/Shareholder; Novo Nordisk, Eli Lilly and Company. A. Fabricatore: Employee; Novo Nordisk. Stock/Shareholder; Novo Nordisk. B. O Hartaigh: Employee; Novo Nordisk A/S. A. Ruseva: Employee; Novo Nordisk. Stock/Shareholder; Novo Nordisk. Z. Zhao: None. D. Umashanker: Consultant; Novo Nordisk.Novo Nordisk Inc."
666171989,GLP-1RA in the Real World,Pourya Medhati and Thomas H. Shin and Katherine Wasden and Vasundhara Mathur and Caroline Apovian and Abdelrahman Nimeri and Eric G. Sheu and Ali Tavakkoli,2025,Annals of Surgery,10.1097/sla.0000000000006748,Included,,"<jats:sec>
            <jats:title>Objective:</jats:title>
            <jats:p>To investigate weight loss outcomes of semaglutide in a real-world setting, specifically in patients who have undergone metabolic/bariatric surgery (MBS).</jats:p>
          </jats:sec>
          <jats:sec>
            <jats:title>Summary Background Data:</jats:title>
            <jats:p>Despite excellent weight loss for semaglutide in clinical trials, actual results may be limited due to factors such as costs, drug availability, insurance coverage, and adverse events.</jats:p>
          </jats:sec>
          <jats:sec>
            <jats:title>Methods:</jats:title>
            <jats:p>A retrospective series of patients with obesity prescribed semaglutide at a large multidisciplinary weight management center in a tertiary academic institution. Primary endpoints were compliance and percentage total weight loss (%TWL) within 1 year of semaglutide prescription, with further evaluation of weight loss in those with previous history of MBS.</jats:p>
          </jats:sec>
          <jats:sec>
            <jats:title>Results:</jats:title>
            <jats:p>The average [SD] %TWL at 1 year among all patients prescribed semaglutide was 8.8% [10.5]. Of 1,072 patients prescribed semaglutide, 199/1072 (18.6%) did not start semaglutide mainly due to access issues, and 268/1072 (25%) discontinued it within 1 year primarily due to patient factors and side effects. Among patients who completed 1 year of treatment, %TWL was 10.9% [9.8]. In those with history of MBS, %TWL was higher in patients who underwent Roux-en-Y Gastric Bypass (RYGB), but not sleeve gastrectomy, compared to no MBS history (13.6% [10.3] vs. 10.1% [9.6]; <jats:italic toggle=""yes"">P</jats:italic>=0.022). Furthermore, %TWL with semaglutide was less in those with BMI&gt;40, than those with BMI&lt;40.</jats:p>
          </jats:sec>
          <jats:sec>
            <jats:title>Conclusions:</jats:title>
            <jats:p>1-year semaglutide compliance is low at 56.4%. 1-year TWL for all patients prescribed semaglutide was 8.8%, and 10.9% for those who took semaglutide for 1 complete year. Patients who underwent RYGB tended to lose more weight with semaglutide than naïve MBS patients.</jats:p>
          </jats:sec>"
